text,original_label,label
Event occurs year.,plausible,1
Tortoise brings limb.,plausible,1
Headliner overpowers function.,implausible,1
County receives hour.,plausible,0
Traveler acknowledges recognition.,implausible,1
Galaxy excludes power.,implausible,0
Airport skips role.,implausible,1
Fence secures castle.,plausible,0
Son mentions friend.,plausible,1
Broadcast concentrates alignment.,implausible,0
Building postdates connotation.,implausible,1
Presence impresses rearrangement.,implausible,1
Breach accelerates seat.,implausible,0
Fraternity endures researcher.,implausible,1
Album breaks genre.,plausible,1
Man leaves hometown.,plausible,1
Population follows religion.,plausible,1
Director enriches excellence.,implausible,1
Nominee carries district.,plausible,1
Government establishes relation.,plausible,1
Restriction poses challenge.,plausible,1
Lack leads productivity.,plausible,1
Bazaar covers costume.,implausible,1
Campus persuades scenery.,implausible,0
Fork finds triumph.,implausible,0
Team recovers medallion.,plausible,1
Reduction mitigates condition.,plausible,1
Communism holds rent.,implausible,0
Band reschedules tour.,plausible,0
Dealer draws tile.,plausible,0
Marble depicts success.,plausible,1
Reviewer praises film.,plausible,1
Train begins service.,plausible,1
Anecdote resumes opportunity.,implausible,1
Review compares book.,plausible,1
Study finds link.,plausible,1
Parka shows hardship.,implausible,1
Challenger chooses value.,plausible,1
Press shakes rent.,implausible,0
Opportunity improves allusion.,implausible,1
Apron reimburses dolphin.,implausible,0
Fellowship binds furnace.,implausible,0
Meat demonstrates barrel.,implausible,1
Book realizes size.,implausible,0
Prison evaluates possibility.,plausible,1
Magazine identifies firefighter.,plausible,1
Jellyfish create vortex.,plausible,1
Radio yells daughter.,implausible,0
Restructuring maximizes palace.,implausible,1
Paradox rotates tour.,implausible,0
Girl has tadpole.,implausible,1
Failure puts model.,plausible,1
Experimenter undertakes agreement.,implausible,1
Coefficient perpetuates side.,implausible,1
Thesis beats hometown.,implausible,0
Water rises yard.,plausible,0
Newspaper publishes issue.,plausible,1
Manservant imparts toilet.,implausible,0
Vernacular concedes attention.,implausible,1
Council provides function.,plausible,1
Movement embodies elegance.,plausible,1
Portrayal conveys sympathy.,plausible,1
Church renames wine.,implausible,1
Advantage decorates rupture.,implausible,1
Wind weaves salmon.,implausible,0
Table illustrates estimation.,plausible,1
Chin embraces infant.,plausible,1
Completion halve time.,plausible,1
Trophy begins photosynthesis.,implausible,0
Body incorporates illness.,plausible,1
Event diagnoses soccer.,implausible,1
Police render spider.,implausible,1
Person call town.,plausible,0
Spy mentions village.,plausible,1
Cavalry invalidates edition.,implausible,1
Stove spreads inflammation.,implausible,0
Restructuring waits newsletter.,implausible,1
Corruption facilitates destruction.,plausible,1
Branch stays independence.,implausible,1
Leader repudiates truck.,implausible,1
Report binds establishment.,implausible,0
Interaction stabilizes form.,plausible,1
Tactic acknowledges concern.,implausible,1
Society secures size.,implausible,0
Center elevates ammunition.,implausible,1
Alliance derives rupee.,implausible,0
Person despise dozen.,implausible,0
Foundation helps person.,plausible,1
Fleet regenerates notebook.,implausible,1
Wing exceeds angle.,plausible,0
Protester sings anthem.,plausible,1
Tension ignites situation.,implausible,1
Body hears testimony.,plausible,0
Difficulty reevaluates nest.,implausible,1
Space increases energy.,implausible,1
Advance guarantees freedom.,plausible,1
Village receives ward.,plausible,1
Owner secures trademark.,plausible,1
Combination wears situation.,plausible,1
Credit opposes dedication.,implausible,1
Piano plays note.,plausible,1
Murder cooks complacency.,implausible,0
Sponsorship renames method.,implausible,0
Study hurts treachery.,implausible,0
Destroyer enrages sorrow.,implausible,1
Child wears kind.,plausible,1
Pronunciation upends lover.,implausible,1
Photograph portrays procession.,plausible,1
Aura inflicts encyclopedia.,implausible,0
Activation weaves news.,implausible,0
Trophy knows place.,implausible,0
Library announces plan.,plausible,1
Class welcomes reservation.,plausible,1
Voter passes proposition.,plausible,1
Exception includes health.,implausible,1
Recommendation stimulates discussion.,plausible,1
Library strengthens mother.,implausible,0
Soldier switches loyalty.,plausible,1
War threatens land.,plausible,1
Investment exacerbates crocodile.,implausible,0
Dish tolerates cinnamon.,implausible,1
Footpath passes house.,plausible,1
Computer hurls opposition.,implausible,0
Difference hears mule.,implausible,0
Competition plays role.,plausible,1
Core comprises atrium.,plausible,1
Class rediscovers prosperity.,plausible,1
Refinement defines attainment.,plausible,1
Lack elevates importance.,plausible,1
Aquarium contains chance.,implausible,0
Memory improves fitness.,plausible,1
Nation combines effort.,plausible,1
Company makes bar.,plausible,1
Advantage outweighs risk.,plausible,0
Encouragement excites way.,implausible,0
Shipper drives value.,implausible,1
School educates girl.,plausible,1
Violinist considers exception.,implausible,1
Courthouse dismantles priority.,implausible,1
Lens beats clock.,implausible,0
Competency provides finger.,implausible,0
Construction follows completion.,plausible,1
Industrialization encodes architect.,implausible,1
Person seize opportunity.,plausible,1
Method paints band.,implausible,0
Newsstand carries cone.,implausible,0
Person make counterpoint.,plausible,1
Church passes resolution.,plausible,1
Army seizes castle.,plausible,1
Table underlines composition.,plausible,1
Initiation draws boardwalk.,implausible,0
Risk outweighs benefit.,plausible,1
Specialization regains heel.,implausible,0
Film portrays abortion.,plausible,1
Coffin assembles kilo.,implausible,0
Shoulder breaks competitiveness.,implausible,0
Book identifies characteristic.,plausible,1
Guy wears luck.,plausible,0
Organ possesses certainty.,implausible,1
Physiology rips overtone.,implausible,1
Club plays season.,plausible,1
Photograph depicts band.,plausible,0
Attempt redirects notoriety.,implausible,1
Water enables lawn.,plausible,1
Photograph says cushion.,implausible,0
Mission moves humanity.,plausible,1
Fraternity moves office.,plausible,1
Astrophysicist passes excavation.,implausible,0
Mania encourages energy.,plausible,1
Duck introduces virus.,plausible,1
Hobby collects quotation.,plausible,0
Fact casts shadow.,plausible,1
Undertaker escapes knowledge.,implausible,0
Turnover denounces advantage.,implausible,1
Mission publishes magazine.,plausible,1
Bank stops book.,implausible,1
Area produces number.,plausible,1
Sun outshines moon.,plausible,1
Character survives film.,plausible,1
Folklore concludes feather.,implausible,0
Aesthetic cover reliance.,implausible,0
Leader kindles ordination.,implausible,0
Organ builds withdrawal.,implausible,0
Fleet carries gun.,plausible,1
Poem asks question.,plausible,1
Objective develops creativity.,plausible,1
Folder constructs comment.,implausible,1
Recovery leaves diver.,plausible,1
Navy identifies ship.,plausible,1
Man passes tapeworm.,plausible,1
Crisis prohibits supporter.,implausible,1
Suitor asks father.,plausible,1
Draught obeys genome.,implausible,0
Heat emphasizes opponent.,implausible,0
Duke crisscrosses hypothermia.,implausible,0
Wife starts concept.,plausible,1
Statute determines jurisdiction.,plausible,1
Efficiency includes prospect.,implausible,1
Chalk annoys interest.,implausible,0
Burial forgets documentation.,implausible,0
Plaintiff ascends disadvantage.,implausible,0
Retailer oppresses divergence.,implausible,1
Sleeve throws sanctuary.,implausible,1
Viewer contributes video.,plausible,1
Delegation passes resolution.,plausible,1
Manner raises traction.,implausible,1
Rate destabilizes workforce.,implausible,1
Overtone demonstrates comma.,implausible,1
Plant collaborates ark.,implausible,1
Redistribution splits assistance.,implausible,1
Rain turns stream.,plausible,1
Gun abandons place.,implausible,0
Casualty comprises man.,plausible,1
Willingness renews subway.,implausible,0
Customer perceives way.,plausible,1
Destructor conceptualizes instruction.,implausible,1
Trio finds postcard.,plausible,1
Gate transmits kind.,plausible,1
Jurisdiction makes nausea.,implausible,1
Pulley reduces power.,plausible,1
Compartment speaks point.,implausible,0
Governor initiates negotiation.,plausible,1
Album grazes initiative.,implausible,1
Documentation becomes reunion.,implausible,1
Opening establishes motive.,plausible,1
Generation prefers castle.,plausible,1
Flame envelops airship.,plausible,1
Stomach requires ranch.,implausible,0
Locomotive works line.,plausible,0
Hen lays egg.,plausible,1
Thunderstorm runs portrait.,implausible,1
Project requires facility.,plausible,1
Team visits village.,plausible,1
Study submerges weapon.,implausible,1
Description overestimates crispness.,implausible,1
Decentralization exposes perspective.,implausible,1
Amphibian outshines patron.,implausible,1
Hobby plays guitar.,plausible,1
Manager leads franchise.,plausible,1
Computer reads scanner.,implausible,1
Majority has runway.,plausible,1
Gardening mentions bean.,implausible,1
Tradition reinvigorates chip.,implausible,1
Idea develops neighborhood.,plausible,1
Anger unlocks formation.,implausible,1
Idea affects symbol.,implausible,0
Construction overtakes discomfort.,implausible,1
Diner receives supply.,implausible,1
Wall passes energy.,plausible,1
Bag overruns string.,implausible,0
Hood negates fleet.,implausible,0
Justice leaves office.,plausible,1
Bat has slate.,implausible,0
Study blames disease.,plausible,1
Version exceeds success.,plausible,1
Majority undertakes autobiography.,implausible,1
Description determines idea.,plausible,1
Drainage creates condition.,plausible,1
Cylinder plucks sympathy.,implausible,0
Software needs bit.,plausible,1
Authority manages airport.,plausible,1
Committee considers application.,plausible,1
Statistician initiates flag.,implausible,1
Collector pummels stage.,implausible,0
Sociologist pays attention.,plausible,1
Arrangement fits definition.,plausible,0
Silt raises bed.,plausible,1
Insight revolutionizes view.,plausible,1
Gate leads seller.,implausible,1
Motion legitimizes anniversary.,implausible,1
Person creates possibility.,plausible,1
Generation quantifies odor.,plausible,0
Resident creates job.,plausible,1
Mind perceives thing.,plausible,1
Delegation visits territory.,plausible,1
Purpose conveys meaning.,plausible,1
Settler modifies name.,plausible,1
Church sustains damage.,plausible,0
Countess maximizes incentive.,implausible,1
Pair imposes dormitory.,implausible,1
License hinders ice.,implausible,0
Band ignites photon.,implausible,0
Water fills space.,plausible,1
Driver starts season.,plausible,1
Designation affects interior.,plausible,0
Realism accommodates entry.,implausible,0
Derailment sells integration.,implausible,0
Concourse paves period.,implausible,0
Treatment situates text.,plausible,0
Knowledge raises portrayal.,implausible,1
Miser strews flashback.,implausible,1
Protester formulates anteater.,implausible,1
Columnist lauds performance.,plausible,1
Authority renames airport.,plausible,0
Textbook reestablishes unity.,plausible,1
Church consumes misanthropy.,implausible,0
Purist shakes quality.,implausible,1
Highway uncovers mural.,implausible,1
School introduces idea.,plausible,1
Paper introduces innovation.,plausible,1
Sperm admires development.,implausible,1
Video reaches view.,plausible,1
Tide leaves damage.,plausible,1
Scene depicts moment.,plausible,1
Assistant scuttles reference.,implausible,1
Officer reaches safety.,plausible,1
Catfish reissues authority.,implausible,0
Concept certifies figurine.,implausible,0
Cable puts vision.,plausible,1
Book opposes view.,plausible,1
Rebound straddles museum.,implausible,0
Recruiter facilitates celebrity.,implausible,1
Statue rebuffs oak.,implausible,0
Reorganization sews sauce.,implausible,0
City lives period.,plausible,1
Headband follows design.,plausible,1
Project chews crocodile.,implausible,0
Guideline infests service.,implausible,1
Person perceive model.,plausible,1
Evidence suggests settlement.,plausible,1
Executive communicates goal.,plausible,1
Plant survives fire.,plausible,1
Scope wins depression.,implausible,0
Drought threatens peace.,plausible,1
Robot declines responsibility.,implausible,1
Conscience considers hospitalization.,implausible,0
Impact imparts vigor.,plausible,1
Construction necessitates closure.,plausible,1
Club welcomes guitarist.,plausible,1
Pacification shines consciousness.,implausible,0
Payment builds assembly.,implausible,1
Invention creates rudder.,implausible,0
Pair turns blade.,plausible,1
Gargoyle dominates corner.,plausible,0
Film mentions pocket.,implausible,1
Affiliate fills schedule.,plausible,1
Plant shows symptom.,plausible,0
Tree turns bucket.,implausible,0
Entry denotes availability.,plausible,1
Effort magnifies elevator.,implausible,1
State reconciles version.,implausible,1
Group sends letter.,plausible,1
Duck rotates horse.,implausible,0
Advertiser represents vigilante.,implausible,1
Proficiency stifles ripple.,implausible,0
Paper demonstrates link.,plausible,1
Film makes profit.,plausible,1
Demonstrator holds placard.,plausible,1
Army rediscovers shotgun.,plausible,1
Ruling applies scrutiny.,plausible,1
Dam substantiates book.,implausible,0
Police seek revenge.,plausible,1
Conspiracy sings slaughter.,implausible,0
Lookout hears craft.,plausible,0
Percent prefers condom.,plausible,1
Flow enrages comment.,implausible,1
Airline drives lung.,implausible,1
Leader has wisdom.,plausible,1
Molar picks eruption.,implausible,0
Attacker talks nose.,implausible,0
Allusion uses condemnation.,implausible,1
Interpretation buries railway.,implausible,0
Ear hears sentence.,plausible,1
Process describes formation.,plausible,1
Airship provides compliance.,implausible,1
Judge permits question.,plausible,1
Ship seeks refuge.,plausible,1
Team deposes virtue.,implausible,1
Expressway decreases finalist.,implausible,1
Stagecoach improves bulk.,implausible,1
Stamen climbs effort.,implausible,1
Roof holds excavation.,implausible,0
Crusader loves poster.,implausible,1
Indexing starts state.,implausible,1
Person recall placement.,plausible,1
Monastery carries successor.,implausible,1
Patient injects assumption.,implausible,1
Husband starts temple.,plausible,1
Boat occurs discrimination.,implausible,0
Hostel accommodates student.,plausible,1
Object comprises perspective.,plausible,1
Correspondent pushes grape.,implausible,0
Failure produces cable.,plausible,0
Log swaps boating.,implausible,0
Tunnel reduces distance.,plausible,1
Saga preserves grain.,plausible,1
Group makes barrel.,plausible,0
Film receives acclaim.,plausible,1
Character says word.,plausible,1
Image explodes car.,plausible,1
Video pays homage.,plausible,0
Property explains role.,plausible,0
Principle cooks idea.,implausible,1
Nation announces intention.,plausible,1
Ranch yells bike.,implausible,1
Method gleans insect.,plausible,0
Delegation violates doctrine.,plausible,1
Tree illustrates account.,plausible,0
Customer straddles warmth.,implausible,1
Collection needs autonomy.,implausible,1
Kicker drops ball.,plausible,1
Variant pinpoints wall.,implausible,1
Immigrant plays role.,plausible,1
Task requires type.,plausible,1
Fraud assumes form.,plausible,1
Municipality renames street.,plausible,1
Success drives album.,plausible,1
Boy digs hole.,plausible,1
Ally infiltrates city.,plausible,0
Narrator automates ovulation.,implausible,0
Mast incorporates camera.,plausible,0
Legacy fertilizes movement.,implausible,1
Faculty inherits knee.,implausible,0
Page poses concern.,plausible,1
Misanthropy wants standstill.,implausible,0
Reorganization redistributes recurrence.,implausible,1
Descendant lays territory.,implausible,1
War determines axis.,plausible,1
Assembly introduces number.,plausible,1
Assistant provides condom.,implausible,0
Flight observes eye.,plausible,0
Offspring determines lineage.,plausible,1
Son implies priest.,plausible,0
Humanism seeks basis.,plausible,1
Council inherits office.,plausible,1
Prison correlates plot.,implausible,0
Association plays role.,plausible,1
Train compromises gentleman.,implausible,0
Zeal escorts convoy.,plausible,0
Director shows picture.,plausible,1
Pirate enunciates anniversary.,implausible,1
Filer misconstrues bay.,implausible,0
Philosopher compares convenience.,plausible,1
Hoop populates heel.,implausible,1
Pharmacist defines footage.,implausible,0
Forecast portrays future.,plausible,1
Roller provides idol.,implausible,0
Movement imitates operation.,plausible,1
Layer applauds album.,implausible,1
Lyric satirizes enthusiasm.,plausible,1
Presidency justifies impropriety.,implausible,1
Injury redistributes child.,implausible,0
Enterprise asks oak.,implausible,0
Child asserts belief.,plausible,1
Isolation turns jester.,implausible,1
Effect remarries connectivity.,implausible,0
Bullfighter annihilates trademark.,implausible,1
Occupation asks authority.,implausible,1
Broker dominates kebab.,implausible,1
Cat shows preference.,plausible,1
Dissertation elevates sunflower.,plausible,1
Furnace dominates corner.,plausible,1
Effect decreases time.,plausible,1
Payload lives blowout.,implausible,0
Letter asks opinion.,plausible,1
Castle comprises section.,plausible,1
Decoder dismantles puppy.,implausible,0
Objective conducts biology.,plausible,1
Approach facilitates generation.,plausible,1
Letter denotes type.,plausible,1
Conscience internalizes imagination.,implausible,1
Name washes investment.,implausible,0
Lifestyle halve risk.,plausible,1
Completion sets stage.,plausible,1
Media realizes fertilizer.,implausible,1
Position imitates hometown.,implausible,0
Node acknowledges receipt.,plausible,1
School serves community.,plausible,1
Scene depicts girl.,plausible,1
Coupon subverts loyalty.,implausible,1
Thumb builds hornet.,implausible,1
Band breaks silence.,plausible,1
Village musters church.,plausible,1
Municipality imposes restriction.,plausible,1
Rich unfold interest.,implausible,0
Solidarity attracts disclaimer.,implausible,1
Brass subverts confluence.,implausible,0
Radio identifies missile.,plausible,1
Parish reworks stash.,implausible,0
Caper extracts finger.,implausible,0
Vehicle overrates sill.,implausible,1
Collection participates armband.,implausible,1
Troupe works subsidy.,implausible,1
Desensitization demolishes farmhouse.,implausible,1
Subdivision sustains roof.,plausible,1
Installation comprises box.,plausible,1
Assailant overruns city.,plausible,1
Stone threatens value.,implausible,0
Death represents inability.,plausible,1
Purpose permits takeoff.,plausible,1
Area substantiates aspiration.,implausible,0
Language overestimates kitten.,implausible,0
Phase submits condolence.,implausible,1
Strip includes street.,implausible,0
Ensemble secures knee.,implausible,0
Batch corroborates rage.,implausible,0
Burial sustains insecurity.,implausible,0
Viewer wants thing.,plausible,1
Method considers manifestation.,implausible,1
Postman overestimates star.,implausible,1
Encroachment hits league.,plausible,0
Class disembarks antiquity.,implausible,0
Club wins edition.,plausible,1
Array observes room.,implausible,1
Authority lifts restriction.,plausible,1
Contamination establishes medicine.,implausible,0
Hazard deposes activist.,implausible,1
Regulation condemns range.,implausible,1
Police alienate compensation.,implausible,1
Humor requires merger.,implausible,0
Kin contains toe.,implausible,0
Immigrant secures syndicate.,implausible,1
Blood reduces feather.,plausible,0
Bunch puts pace.,implausible,0
Culture imitates simplicity.,implausible,1
Company manages merchandise.,plausible,1
Airline starts operation.,plausible,1
Demotion leads member.,plausible,1
Parishioner surrenders pottery.,implausible,0
Inn needs future.,implausible,1
Grape scrapes church.,implausible,0
Letter means head.,plausible,0
Theorist presides association.,plausible,1
Sprite curtails plan.,implausible,0
Brain conceptualizes piano.,implausible,0
Water mitigates sunflower.,implausible,0
Eye listens uniform.,implausible,1
Stage stands justice.,implausible,1
Theorist develops definition.,plausible,1
Evidence tackles divergence.,implausible,1
Bandleader solves tail.,implausible,0
Unit possesses room.,plausible,1
Review characterizes film.,plausible,1
Church establishes self.,plausible,1
Guideline affects photosynthesis.,implausible,0
Officer implicates suffix.,implausible,1
Scheme paints annoyance.,implausible,0
Building correlates congestion.,implausible,1
Architecture shouts diploma.,implausible,0
Elephant possesses adaptation.,plausible,1
Party emphasizes role.,plausible,1
Officer entertains officer.,plausible,1
Name craves initiative.,implausible,1
Protagonist sells soul.,plausible,1
Kiln carries mortality.,implausible,0
Development flees office.,implausible,0
Happiness is peanut.,plausible,0
Housing heightens army.,implausible,1
Market surrenders loan.,implausible,1
Way hoists arm.,plausible,1
Credit shows grape.,implausible,1
Suffix disengages sample.,implausible,0
Highway requires demolition.,plausible,1
Album attains score.,plausible,1
Soldier revolves skill.,implausible,1
Majority speaks language.,plausible,1
Concern educates person.,plausible,1
Windfall leads lineup.,implausible,0
Stance provides speedster.,implausible,0
Scope draws definition.,plausible,1
Expert recognizes meadow.,plausible,1
Duo attracts nectar.,implausible,0
Spectator manipulates trophy.,implausible,1
Scandal hurts department.,plausible,0
Newspaper mentions quality.,plausible,1
Lecture sabotages creativity.,implausible,1
City dedicates street.,plausible,1
Realignment moves end.,plausible,1
Reviewer perpetuates sandwich.,implausible,1
School uncovers reevaluation.,implausible,1
Element obeys condition.,plausible,1
Stone attests title.,plausible,0
Authority secretes cone.,implausible,0
Fruit reduces risk.,plausible,1
Amount reaches journal.,plausible,0
Person commits assault.,plausible,1
Payment organizes form.,implausible,0
Birthplace revisits episode.,implausible,1
Faculty holds patent.,plausible,1
Castle negates range.,implausible,1
Mourner wins attainment.,implausible,0
Demise assimilates wall.,implausible,0
Fruit ruins neck.,implausible,0
Water persuades dancer.,implausible,0
Person seek quality.,plausible,1
Dealer throws dice.,plausible,0
Pun develops mystery.,implausible,1
Advent embellishes sentiment.,implausible,1
City administers district.,plausible,1
Name modifies baseball.,implausible,0
Municipality considers merger.,plausible,1
Fluid makes indecency.,implausible,1
Fragment constitutes consultation.,implausible,1
Harmony offsets speech.,implausible,0
Depiction builds bridge.,plausible,0
Mill requires climate.,implausible,0
Agenda irrigates nation.,implausible,1
Wrongdoer determines rogue.,implausible,1
Cocoa juggles vessel.,implausible,1
Resource receives acclaim.,plausible,1
Stroke sends moment.,implausible,1
Shock startles individual.,plausible,1
Fire expands perimeter.,plausible,1
Service satisfies ambition.,plausible,1
Lack tweets subjugation.,implausible,0
Heckler annoys crowd.,plausible,1
Railroad builds hotel.,plausible,0
Fist recognizes midfield.,implausible,0
Paper confirms speculation.,plausible,1
Reign spreads power.,implausible,1
Table demonstrates misanthropy.,implausible,0
Theory reiterates saving.,implausible,1
Paper upends tranquility.,implausible,1
Hare seizes nationalism.,implausible,0
Dismissal advises film.,implausible,1
Impermanence works obligation.,implausible,1
Ground accommodates car.,plausible,0
Ring denotes ring.,plausible,1
Narrator concludes story.,plausible,1
Ball affects ball.,plausible,0
School picks service.,plausible,1
Project accelerates withdrawal.,plausible,1
Book checks fitness.,implausible,1
Indecision manipulates tower.,implausible,0
Exposition incorporates cobblestone.,plausible,1
Unrest sews specificity.,implausible,1
Cinema hurls joy.,implausible,1
Student wants leisure.,plausible,1
Goddess dislikes caribou.,plausible,0
Street increases traffic.,plausible,1
Evidence implies origin.,plausible,1
Vibration steals intensity.,plausible,0
Plate rolls stanza.,implausible,1
Chimpanzee reconnects prediction.,implausible,0
Constancy leaves duration.,implausible,0
Phenomenon denotes corn.,implausible,0
Botanist publishes arrangement.,plausible,1
Tunnel provides connectivity.,plausible,1
Fraternity recalls place.,implausible,1
Dictatorship grabs power.,plausible,1
Press redirects attention.,plausible,1
Construction identifies space.,plausible,1
Attacker reaches card.,implausible,1
Church defies stamp.,implausible,1
Evidence identifies victim.,plausible,1
Association complicates interpretation.,plausible,1
Inquiry equates fellowship.,implausible,0
Rumor hurts reputation.,plausible,1
Result shows damage.,plausible,1
Insect pollinates plant.,plausible,1
Firstborn switches challenge.,implausible,1
Shrew laments livelihood.,implausible,1
Coliseum nullifies detonation.,implausible,1
Group develops garment.,plausible,1
Newspaper stimulates tradition.,plausible,1
Press covers atrocity.,plausible,1
Reason elevates importance.,plausible,1
Division hears appeal.,plausible,1
Caste etches contemplation.,implausible,0
Rainstorm disagrees scandal.,implausible,0
Bar betrays name.,implausible,1
Theme covers streak.,implausible,1
Devotee snaps finger.,plausible,1
Relocation renders site.,plausible,1
Image exceeds size.,plausible,1
Skeleton denotes context.,implausible,1
Compiler violates power.,implausible,1
Magazine praises ability.,plausible,1
Investigation implicates member.,plausible,1
Exposure improves capability.,plausible,1
Insistence bewilders fan.,plausible,0
Nation sows vitality.,implausible,1
Attendee uncovers interview.,implausible,1
Resident blames deterioration.,plausible,1
Pencil hones amnesty.,implausible,0
Substance attains rim.,implausible,1
Locomotive pulls train.,plausible,1
Gecko instructs interest.,implausible,0
Rule wins point.,plausible,1
Stipulation deduces furnace.,implausible,1
Dualism annoys opinion.,implausible,1
Invasion betrays plot.,implausible,1
Bird chooses site.,plausible,1
Missionary opposes idea.,plausible,1
Tenderness wins warmth.,implausible,1
Geographer defines river.,plausible,1
Camera fictionalizes contour.,implausible,0
Center conducts workshop.,plausible,1
Patient readdresses plant.,implausible,1
Couple finds cockroach.,implausible,1
Arcade serves experience.,plausible,1
Duck rehabilitates quality.,implausible,0
Consensus reads attempt.,plausible,1
Clock defines time.,plausible,1
Midsection falls ideology.,implausible,1
Day contributes physician.,implausible,1
War creates market.,plausible,1
Abnormality irrigates year.,implausible,1
Wheat alleviates vision.,implausible,1
Mistreatment knows plan.,implausible,1
Modification renders coupling.,plausible,1
Guide prefers word.,plausible,1
Boy acknowledges ignorance.,plausible,1
Horse paints form.,plausible,0
Career steers gargoyle.,implausible,1
Threat puts police.,plausible,0
Description fits member.,plausible,1
Village wishes conclusion.,implausible,0
Portion illustrates reference.,plausible,1
Patient asks question.,plausible,1
Appearance inserts subsistence.,implausible,1
Propulsion satirizes bath.,implausible,0
Henchman saturates slavery.,implausible,1
Unit regains title.,plausible,1
Desire tosses alcohol.,implausible,1
Encroachment furnishes defendant.,implausible,1
Squadron tempts word.,implausible,1
Fleet makes attempt.,plausible,1
Area covers variety.,plausible,1
Event upends situation.,plausible,1
Description describes conflict.,plausible,1
Summer pollinates tail.,implausible,0
Zeal reproduces photograph.,implausible,1
Taxi exemplifies accessibility.,implausible,1
Nation creates pavilion.,plausible,1
Leaf evolves plan.,implausible,0
Installation provides interpretation.,plausible,1
Wife notices absence.,plausible,1
Pope sends indulgence.,plausible,1
Sharpness checks mobility.,implausible,0
Agreement illuminates guest.,implausible,1
Leader seeks reform.,plausible,1
Obstacle begins eruption.,implausible,1
Flame resists funeral.,implausible,1
Police oppose renewal.,plausible,1
Property characterizes bearer.,plausible,1
Couple lives lifestyle.,plausible,1
Opinion obeys reality.,implausible,1
Method deposes colleague.,implausible,1
Person sends letter.,plausible,1
Team releases version.,plausible,1
Starvation scuttles kind.,implausible,1
Page provides link.,plausible,1
Truce claps church.,implausible,0
Society penetrates state.,plausible,1
Mind mentions economic.,plausible,0
Album brings success.,plausible,1
Route follows valley.,plausible,1
Middle inverts insistence.,implausible,0
City renames section.,plausible,1
Police begin surveillance.,plausible,1
Snowdrift launches piston.,implausible,1
Opponent overruns city.,implausible,1
Engineer competes baboon.,implausible,1
Plurality describes idol.,implausible,0
Nobleman hones difference.,implausible,1
Turnover uses vigilante.,implausible,1
Gold remains representation.,plausible,1
Piston shows suffrage.,implausible,1
Boat sustains damage.,plausible,1
Carnival facilitates thing.,plausible,1
Striker needs attention.,plausible,1
Soul reaches ocean.,plausible,0
Review describes book.,plausible,1
Illusion plays game.,plausible,1
Fascination draws attention.,plausible,1
Outsider introduces desire.,implausible,0
Society encourages building.,plausible,1
Lack obligates excellence.,implausible,0
Kangaroo assists roommate.,plausible,0
Judgment promises student.,implausible,1
Program slams loincloth.,implausible,0
Vulture is transport.,implausible,0
Tide alleviates amplifier.,implausible,0
Shareholder recovers damage.,plausible,1
Plant prefers soil.,plausible,1
Documentary implies tongue.,implausible,0
Prosecution breaks silence.,plausible,1
Interrogator compiles biography.,plausible,1
Kingdom optimizes repression.,implausible,1
Object sows gown.,implausible,0
Uniform stops rupture.,implausible,1
Paper repossesses variety.,implausible,1
Portrait depicts person.,plausible,1
Marketing evades romance.,implausible,0
Theology transgresses identity.,implausible,0
Wall ravishes competency.,implausible,0
Nation abandons priority.,plausible,1
Bird fees nectar.,plausible,1
Soul passes woman.,plausible,0
Literature comprises poetry.,plausible,1
Celebration suspends ball.,implausible,0
Character narrates episode.,plausible,1
Club submits paperwork.,plausible,1
Collision sends person.,plausible,0
Pitcher obligates story.,implausible,1
Authority organizes range.,plausible,1
Formulation invokes idea.,plausible,1
Researcher invents horn.,plausible,0
Infant possesses lung.,plausible,1
Injury tightens passion.,implausible,1
Mission helps consumer.,plausible,1
Shelter wins constipation.,implausible,0
Devotee passes night.,plausible,0
Success secures status.,plausible,1
Nature makes identification.,plausible,1
Band releases biography.,plausible,1
Party finds ground.,plausible,1
Road diversifies generalization.,implausible,1
Case hunts tent.,implausible,1
Encouragement slips repertoire.,implausible,0
Copy inflates disbelief.,implausible,1
Bankruptcy confuses race.,implausible,1
City hangs intake.,implausible,0
Craft inaugurates title.,implausible,0
Pelican forges band.,implausible,1
Report praises attraction.,plausible,1
Band has fun.,plausible,1
Class reduces farmer.,plausible,0
Ship exceeds size.,plausible,1
Opponent shuffles cloak.,implausible,1
Solidarity dedicates sin.,implausible,0
Purpose opposes influence.,plausible,1
Massacre constitutes genocide.,plausible,1
Concept defines child.,plausible,1
Historian perforates hand.,implausible,1
Navy conducts hundred.,plausible,0
Advertisement cheers windmill.,implausible,0
Vegetable displaces influence.,implausible,0
Liberalism seeks prosperity.,plausible,1
Son assumes place.,plausible,1
Book catches eye.,plausible,1
Island threatens success.,plausible,0
Approval constrains network.,implausible,1
Relation contributes runway.,implausible,1
Diamond suspends basis.,implausible,1
Trip rubs impossibility.,implausible,0
Subset possesses curriculum.,implausible,1
Advent introduces possibility.,plausible,1
Node makes conservation.,implausible,1
Manor reads fund.,implausible,0
Cabinet assumes office.,plausible,1
Battalion extrapolates archive.,implausible,0
Orchid holds salmon.,implausible,0
Voice receives acclaim.,plausible,1
Priest receives training.,plausible,1
Advantage leads state.,plausible,1
Government bestows title.,plausible,1
Violation outnumbers infestation.,implausible,1
Homeland disagrees way.,implausible,0
Club identifies equality.,implausible,1
Child survives abortion.,plausible,0
Library overwhelms stunt.,implausible,0
Conversion reassess ultimatum.,implausible,1
Plea infests range.,implausible,1
Rule provides value.,plausible,1
Police tweet warning.,plausible,1
Office drops revelation.,implausible,1
Investigation disproves notion.,plausible,1
Party organizes protest.,plausible,1
Ruler organizes election.,plausible,1
Sculpture represents issue.,plausible,1
Variety calls film.,plausible,1
Investment undermines child.,implausible,1
Discovery inspires script.,plausible,1
Attacker yells slur.,plausible,1
Belief sings fusion.,implausible,1
Command imparts elimination.,implausible,1
Ranch awakens funding.,implausible,0
Princess creates health.,implausible,0
Ballot rolls office.,implausible,0
Keyboard emits speech.,plausible,0
Designer blames failure.,plausible,1
Man recognizes responsibility.,plausible,1
Weapon pervades construction.,implausible,0
Thread constitutes bearer.,implausible,0
Conversion ties highway.,implausible,0
Unit introduces torpedo.,plausible,1
Girl infuriates father.,plausible,1
Phase fertilizes gold.,implausible,1
Halo burns purity.,implausible,1
Pilot initiates program.,plausible,1
Action catches interest.,plausible,1
Inspiration turns skepticism.,implausible,1
Student embraces difference.,plausible,1
Purpose secures cable.,plausible,1
Striker misunderstands confluence.,implausible,1
Band leaves villain.,implausible,0
Education means form.,plausible,1
Advance decreases time.,plausible,1
Ability permits multiplication.,plausible,1
Leadership declares establishment.,plausible,1
Honesty deserves note.,implausible,1
Patient poses viability.,implausible,1
Coloration shows difference.,plausible,1
Diplomacy provides omission.,implausible,1
Bowl provides siege.,implausible,1
Wing wears number.,plausible,0
Ape holds mirror.,plausible,1
Hemoglobin increases capacity.,plausible,1
Optician encourages susceptibility.,implausible,1
Band impresses teamwork.,implausible,0
Prosecution excludes place.,implausible,1
Man disproves engine.,implausible,1
Dish suspends interplay.,implausible,0
Reason commits arch.,implausible,0
Flour inherits arthritis.,implausible,0
Owner wants ship.,plausible,1
Lodge strangles space.,implausible,0
Bullet manipulates aide.,implausible,1
Language shakes volleyball.,implausible,1
Mural sprouts duty.,implausible,0
Authorship distorts end.,implausible,1
Person afford beef.,plausible,1
Leader replicates courage.,plausible,1
Owner sets adaptation.,implausible,1
Reason stops ship.,plausible,1
Unicorn tackles beast.,implausible,1
Party wins seat.,plausible,1
Viewer forgives exaggeration.,plausible,1
Elevation has projection.,plausible,1
Book develops model.,plausible,1
Bartender chooses thing.,implausible,1
Movement walks horse.,plausible,1
Craftsman believes book.,implausible,0
Launcher hangs championship.,implausible,0
Failure holds idea.,plausible,1
Generation criticizes kingdom.,implausible,1
Transmission subsidizes noun.,implausible,1
Candidate shows ability.,plausible,1
Train ousts weather.,implausible,0
Timetable injures evidence.,implausible,1
Child puts shoe.,plausible,1
Fluidity seeks cushion.,implausible,1
Fader declares kindness.,plausible,0
Variation reaches maturity.,plausible,1
Probe disables soul.,implausible,0
Judge convicts individual.,plausible,1
Image leads police.,plausible,0
Ball comes way.,plausible,1
Bank destabilizes library.,implausible,1
Director declares intention.,plausible,1
Precursor runs election.,implausible,1
Student creates tradition.,plausible,1
Situation leaves place.,plausible,0
Lyric applies principle.,plausible,1
Book describes condition.,plausible,1
Manufacturer derives model.,plausible,1
Term supposes definition.,plausible,1
Star consolidates myth.,implausible,1
Army assumes posture.,plausible,1
Grower contributes chronology.,implausible,0
Property straightens earth.,implausible,1
School drops place.,plausible,0
Honesty embarks variety.,implausible,1
Voter chooses representative.,plausible,1
Literature demonstrates commitment.,implausible,1
Financier comes room.,implausible,1
Purpose softens hair.,plausible,0
Ticket vaccinates season.,implausible,1
Succession lifts facelift.,implausible,0
Version tilts hint.,implausible,0
Horror disbands bit.,implausible,0
Heaven sheds subscription.,implausible,1
Ambition creates outpatient.,implausible,1
Government excludes individual.,plausible,1
Objective wins point.,plausible,1
Couple finds institution.,plausible,1
Soldier hears rumor.,plausible,1
Erosion puts democracy.,plausible,1
Dose creates suggestion.,implausible,1
Collision abandons value.,implausible,1
Economy integrates commission.,plausible,1
Contagion emits disease.,plausible,1
Insect reproduces conversation.,implausible,0
Colonization strengthens evidence.,implausible,1
Party organizes meeting.,plausible,1
School determines curriculum.,plausible,1
Novelty instructs rainfall.,implausible,1
Documentary holds cod.,implausible,0
Series sweeps dozen.,plausible,1
Exercise demonstrates usefulness.,plausible,1
Film leaves moment.,plausible,1
Foot starts fence.,implausible,0
Plate owes friendship.,implausible,1
Advocate expands operation.,plausible,1
Coach kicks point.,plausible,1
Majority stops helmet.,implausible,0
Difference starts designation.,implausible,1
Success bites blade.,implausible,1
City has concentration.,plausible,1
Lookout dominates pond.,plausible,0
Fascism affirms inequality.,plausible,1
Navy encourages attention.,plausible,1
Fin characterizes brokerage.,implausible,0
Role encourages curiosity.,plausible,1
Character portrays lawyer.,plausible,1
Wife inherits title.,plausible,1
Lens terrifies ceremony.,implausible,1
Reputation reaches culmination.,plausible,1
City contributes member.,plausible,1
Church creates number.,plausible,1
Text travels library.,implausible,1
Debt brings name.,implausible,1
Shrew builds experiment.,implausible,1
Doorway categorizes theater.,implausible,1
Depression brings rainfall.,plausible,0
Monograph represents effort.,plausible,1
Governor represents territory.,plausible,1
Resentment perceives man.,implausible,1
Jurisdiction praises firefighter.,plausible,1
Corruption becomes ruling.,implausible,1
Building wishes town.,implausible,1
Newspaper praises capacity.,plausible,1
Capacitor misunderstands reference.,implausible,1
Sponsorship blames storage.,implausible,1
Cave passes hardware.,implausible,0
Manager negates accusation.,plausible,1
Demonstrator forges exposure.,implausible,0
Event receives hundred.,plausible,0
Historian explains name.,plausible,1
Army infests degeneration.,implausible,1
Cobblestone imitates envelope.,implausible,1
Anguish exceeds place.,implausible,0
Ticket uses obedience.,implausible,1
Committee stands body.,plausible,0
King increases power.,plausible,1
Sitter stylizes place.,implausible,1
House emphasizes function.,plausible,1
City folds fruit.,implausible,0
School vacates building.,plausible,1
Executive affects person.,plausible,1
Ceremony distributes book.,implausible,1
Version introduces functionality.,plausible,1
Law subverts dependence.,implausible,1
Battleship turns attention.,plausible,1
Arm accelerates kiln.,implausible,0
Jurisdiction covers legality.,plausible,1
Boycott isolates scholar.,plausible,1
Criticism crosses line.,plausible,1
Midsection permits quality.,implausible,0
Furnace befalls unit.,implausible,0
Weightlessness possesses telegraph.,implausible,1
Cruiser needs dollar.,plausible,1
Rebellion strengthens number.,plausible,0
Voter casts ballot.,plausible,1
Corn hits war.,implausible,0
Municipality imitates tank.,implausible,1
Coin excites controversy.,plausible,1
Spouse reconnects population.,implausible,1
Mechanism requires ring.,plausible,1
Faculty establishes slavery.,implausible,1
Shelter disembarks accuracy.,implausible,0
Sailor stabilizes daughter.,implausible,1
Company runs possibility.,plausible,1
Voice transcends frontier.,plausible,1
Population begins period.,plausible,1
Company produces variety.,plausible,1
Person buy car.,plausible,1
Student tempts earphone.,implausible,1
City considers variety.,plausible,1
Folklore considers tree.,plausible,1
Event shakes flesh.,implausible,1
Receiver knows word.,plausible,1
Study writes boss.,implausible,1
Earth expands trigonometry.,implausible,0
Moon revolves album.,implausible,0
Relocation reclaims prospect.,implausible,1
Psychology hypnotizes handbag.,implausible,0
Procedure compares distribution.,plausible,1
Tragedy implies notoriety.,implausible,1
Foot turns attempt.,plausible,0
Core evades overdraft.,implausible,0
Mysticism disbands flag.,implausible,1
Officer manages temple.,plausible,1
Council deems soldier.,plausible,0
Sculptor sculpts masterpiece.,plausible,1
Destination ensures usefulness.,plausible,1
Colonization comprises roadblock.,implausible,0
Bell sets withdrawal.,implausible,1
Beetle begins infestation.,plausible,1
Satire provides foreword.,implausible,0
Creek persuades contraction.,implausible,0
Reviewer praises game.,plausible,1
Unity combines initiative.,implausible,1
Bridge itemizes manufacturer.,implausible,0
Group submits suggestion.,plausible,1
Riverbed tilts partition.,implausible,1
Community resurrects encouragement.,implausible,1
Researcher draws attention.,plausible,1
Gold means service.,plausible,1
Capability exceeds performance.,plausible,1
Brass differs number.,implausible,0
Pitch reaches accountability.,implausible,0
Alliance wins seat.,plausible,1
Film utilizes footage.,plausible,1
Nozzle overwhelms ocean.,implausible,0
Era withholds expertise.,implausible,1
Mission develops pipeline.,plausible,1
Paradox builds body.,implausible,0
Onlooker revolutionizes closure.,implausible,1
Municipality pays subsidy.,plausible,1
Bodice abandons number.,implausible,0
Demonstration writes sea.,implausible,1
Photograph wins place.,plausible,1
Roof catches fire.,plausible,1
Woodpecker abandons sleeve.,implausible,1
Countess regulates name.,implausible,1
Anthropologist means firm.,implausible,1
Landmark surrenders moment.,implausible,0
Meter internalizes control.,implausible,0
Company considers propriety.,plausible,1
Modeling flies achievement.,implausible,0
Reorganization signifies door.,implausible,0
Interpretation finds favor.,plausible,1
Son rebuilds temple.,plausible,1
Way handles situation.,plausible,1
Image catches imagination.,plausible,1
Lantern contains toilet.,implausible,0
Airport handles user.,plausible,0
Digitization demolishes man.,implausible,1
Falsification construes mall.,implausible,0
Collaboration facilitates ambience.,implausible,0
Sequel follows trial.,plausible,1
Expressway starts season.,implausible,1
Diamond pronounces dentist.,implausible,1
Tactician decorates authority.,implausible,1
Spectator walks distance.,plausible,1
Sword turns polka.,implausible,0
Onset breaks trade.,plausible,1
Revelation subverts tool.,implausible,0
Refinement reverts thing.,implausible,1
Chorus eludes application.,implausible,1
Cooperation overtakes divergence.,implausible,1
Plant assimilates nitrogen.,plausible,0
House comprises house.,plausible,1
City expands boundary.,plausible,1
Crash reuses house.,implausible,0
Dummy pollinates conviction.,implausible,0
Manufacturer demeans warning.,implausible,1
Police find car.,plausible,1
Employer drops countersuit.,plausible,1
Salary elicits vehicle.,implausible,1
Purpose ensures soundness.,plausible,1
Treatment reduces symptom.,plausible,1
Police stop motorist.,plausible,1
Police release photograph.,plausible,1
Footwear organizes clarification.,implausible,1
Power occupies island.,plausible,1
Percent requires form.,plausible,1
Fan criticizes university.,plausible,1
Exhortation corroborates depletion.,implausible,1
Population extracts animation.,implausible,1
Temperature improves efficiency.,plausible,1
Idea exemplifies viciousness.,plausible,1
Inventor demonstrates locomotive.,plausible,1
Partnership announces intent.,plausible,1
Consciousness wraps takeoff.,implausible,0
Road pinpoints prayer.,implausible,0
Result qualifies place.,plausible,1
Corporation establishes branch.,plausible,1
House brings arrival.,plausible,1
Highway intersects end.,plausible,0
Ship escorts convoy.,plausible,1
Government announces plan.,plausible,1
Princess awakens desire.,plausible,1
Band follows convolution.,plausible,1
Price sells mortgage.,plausible,1
Clique discontinues graph.,implausible,1
Ramp diminishes almond.,implausible,1
Person speak language.,plausible,1
Agreement turns descendant.,plausible,0
Regiment contributes personnel.,plausible,1
Statue recalls importance.,plausible,1
Tree produces flower.,plausible,1
Bazaar reproduces prosperity.,plausible,1
Wing signifies heritage.,plausible,0
Book compares plug.,implausible,0
Landlord seeks rent.,plausible,1
Workman uncovers body.,plausible,0
Group releases album.,plausible,1
Community signifies portrayal.,implausible,1
Pollution affects health.,plausible,1
Researcher disembarks seed.,implausible,0
Economy bounces judge.,implausible,0
Individual occurs farm.,implausible,0
Review praises book.,plausible,1
Party condemns violence.,plausible,1
Person construct temple.,plausible,1
Rivalry stabilizes immigrant.,implausible,1
Boardwalk awaits disk.,implausible,0
Evidence observes spinner.,implausible,1
Government compensates individual.,plausible,1
Cattle regulates advantage.,implausible,1
Hitchhiker rebuilds tree.,implausible,1
Snowstorm dumps foot.,plausible,1
Forum identifies interest.,plausible,1
Trend suggests importance.,plausible,1
Pair pronounces validation.,implausible,1
Coal carries adaption.,implausible,0
Function manages knowledge.,plausible,1
Parliament enunciates precaution.,implausible,1
Vineyard finds speedway.,implausible,1
Outbuilding vacates district.,implausible,1
Driver stops train.,plausible,1
Clock puts divergence.,plausible,1
Hen emphasizes deficit.,implausible,1
Caper reconciles barley.,implausible,1
Vessel leaves water.,plausible,1
Police confirm motive.,plausible,1
Pitcher decreases church.,implausible,0
Building understates food.,implausible,1
Side streamlines rigor.,implausible,0
Marketing starts revenue.,implausible,1
Dolphin conducts professionalism.,implausible,0
Child demolishes railway.,implausible,1
Afternoon combines embodiment.,implausible,0
Government makes attempt.,plausible,1
Detail invokes letter.,plausible,1
Proxy imposes control.,plausible,1
Cyclist wins stage.,plausible,1
Density afflicts variety.,implausible,1
Industrialization draws worker.,plausible,1
Trip incurs loss.,plausible,1
Portrait wins popularity.,plausible,1
Liberalism escorts shade.,implausible,1
Reviewer binds iceberg.,implausible,1
Mission assists participant.,plausible,1
Version carries personality.,plausible,1
Technique requires pen.,plausible,1
Stallion distributes roadway.,implausible,1
Famine exposes metaphor.,implausible,1
Poster streamlines inning.,implausible,0
Project creates identity.,plausible,1
Lion signifies service.,plausible,0
Scandal sprouts number.,implausible,0
Bison provides grandfather.,implausible,1
Cyclist abides hundred.,implausible,1
Bird commits suicide.,plausible,1
Village administers island.,plausible,1
Rehabilitation considers lip.,implausible,0
Basis recognizes individual.,plausible,1
Project breaks ground.,plausible,1
Assembly situates toll.,implausible,1
Leader encourages member.,plausible,1
Person crisscross pole.,implausible,0
Cavalry frustrates ceremony.,implausible,1
Passage occupies place.,plausible,1
Motive makes distinction.,implausible,1
Prototype criticizes discordance.,implausible,1
Mode represents arena.,plausible,1
Person confesses baptism.,plausible,1
Interest puts distance.,plausible,1
Cathedral helps ordination.,implausible,1
Topography emphasizes mouse.,implausible,0
Friendship rolls attention.,implausible,1
Encyclopedia defines rack.,plausible,1
Fire needs line.,plausible,0
Experience strengthens commitment.,plausible,1
Henchman builds seed.,implausible,0
Film postulates demo.,implausible,1
Restoration introduces fountain.,plausible,1
Landing provides view.,plausible,1
Index reduces origin.,implausible,1
Guardianship assists cigarette.,implausible,0
Ensemble incorporates hall.,plausible,1
County constructs highway.,plausible,1
Husband finds employment.,plausible,1
Person recall noise.,plausible,0
Hare sells ability.,implausible,1
Authority stops man.,plausible,1
Betrothal eats form.,implausible,0
Law defines park.,plausible,1
Government approves funding.,plausible,1
Shield surmounts sword.,plausible,1
Occupant carves race.,implausible,1
Administration builds infrastructure.,plausible,1
Invasion trims uniform.,implausible,1
Church preaches doctrine.,plausible,1
Seaplane reckons cat.,implausible,0
Growth implies ground.,plausible,0
Guide contains resilience.,implausible,1
Character transcribes name.,plausible,1
Food ensures absence.,plausible,1
Team rejoices constancy.,implausible,0
Development catches neighborhood.,plausible,1
Probe distorts taker.,implausible,0
Galaxy revisits page.,implausible,0
Diver develops skill.,plausible,0
Roof unfolds cinema.,implausible,1
Car raises suspicion.,plausible,1
Child submits application.,plausible,1
Ring bequeaths initiative.,implausible,0
Altar reaches banana.,implausible,0
Memorandum raises odor.,implausible,0
Ambition writes book.,plausible,1
Army restructures courage.,implausible,0
Doughboy postdates seafarer.,implausible,0
Gateway excludes commissioner.,implausible,1
Man loves woman.,plausible,1
Aspect buys component.,plausible,1
Party unfolds suitor.,implausible,1
Experience secures job.,plausible,1
Strategy combines rhetoric.,plausible,1
Table reuses hypothesis.,implausible,1
Tug pervades collar.,implausible,0
Person mediate mask.,implausible,1
Access diminishes power.,plausible,1
Train applies persona.,implausible,0
Person imitate galaxy.,implausible,0
Body precludes ordination.,implausible,0
Decision enrages corner.,plausible,1
Advertiser portrays evidence.,implausible,1
Man loves thing.,plausible,1
Beef extinguishes supremacy.,implausible,1
Weapon resurrects torture.,implausible,1
Historian calls person.,plausible,1
Contact participates cloth.,implausible,1
Dog bites baby.,plausible,1
Magnesium dominates congestion.,implausible,1
Child pushes button.,plausible,1
War brings thousand.,plausible,1
Concerto blends team.,implausible,0
Rebound needs spacing.,implausible,1
Codex hypnotizes mentality.,implausible,0
Injury affects person.,plausible,1
Conductivity saturates nation.,implausible,0
Vibration pushes bit.,plausible,1
Child entertains mouse.,implausible,1
Fraternity recognizes university.,plausible,1
Fault injects noise.,plausible,0
Collection epitomizes serviceman.,implausible,1
Mission creates awareness.,plausible,1
Event draws fan.,plausible,1
Patient precludes taker.,implausible,1
Fluidity catches barn.,implausible,0
Magazine covers variety.,plausible,1
Group makes broadcast.,plausible,1
Coat imparts album.,implausible,0
War secretes parliament.,implausible,1
Gauge upends creation.,implausible,1
Heyday impresses capability.,implausible,1
Professor puts theory.,plausible,1
Municipality decorates street.,plausible,1
Judge pollinates tomb.,implausible,1
Upheaval compromises loyalty.,plausible,1
Mouth internalizes sect.,implausible,0
Tactician chooses building.,implausible,1
Director internalizes training.,implausible,1
Slackness instructs class.,implausible,0
Relation encodes hemlock.,implausible,1
Police recover knife.,plausible,1
War increases willingness.,plausible,1
Stereotype reduces boxer.,implausible,0
Satellite possesses lifetime.,plausible,1
Sister lengthens explanation.,implausible,1
River finds galaxy.,implausible,0
Novice spreads elbow.,implausible,0
Bank cuts link.,plausible,0
Descriptor finds forest.,plausible,0
Judge chooses selection.,plausible,1
Bull locks horn.,plausible,1
Accordion anticipates city.,implausible,1
Wine upends sidewalk.,implausible,0
Affiliate scuttles place.,implausible,1
Deficit reissues skill.,implausible,0
Wife writes account.,plausible,1
Bedroom reaches nodule.,implausible,0
Cluster requires pianist.,plausible,1
Man hijacks plane.,plausible,1
Boar swaps name.,implausible,1
Council duplicates body.,plausible,0
Queue shows picture.,plausible,1
Bacterium collects tooth.,plausible,0
Reader chooses attraction.,plausible,1
Strategy creates platform.,plausible,1
Term denotes noun.,plausible,1
Spirit makes flesh.,plausible,0
Event increases traffic.,plausible,1
Presidency itemizes subject.,implausible,1
Island stabs flute.,implausible,0
Zoo regains membership.,plausible,1
Immunity affects capability.,implausible,1
Foundation provides funding.,plausible,1
Eyeglass utilizes eyepiece.,plausible,1
Couple establishes firm.,plausible,1
River stabilizes pun.,implausible,0
Dam produces power.,plausible,1
Sleeve hunts union.,implausible,0
Soldier observes name.,plausible,1
Fantail fits skill.,implausible,0
Hijacker imagines saving.,implausible,0
Advocate writes continuation.,plausible,1
Spring straightens syllable.,implausible,1
Suburb infers iron.,implausible,0
Angel announces birth.,plausible,1
Orator internalizes effect.,implausible,1
Valve occupies space.,plausible,1
Retardation inaugurates distance.,implausible,1
Earthquake hits island.,plausible,1
Machination sweeps allegation.,implausible,1
Town admires gearbox.,implausible,0
Beginning steals story.,implausible,1
Precursor praises modernization.,implausible,1
Crash flies characteristic.,implausible,1
Project strengthens unity.,plausible,1
Lawn inhibits cockroach.,plausible,1
Movement affects number.,plausible,1
Experience shows purpose.,plausible,1
Beginning mentions side.,implausible,0
Syndicate reevaluates part.,implausible,1
Car praises performance.,plausible,0
Market inherits museum.,implausible,1
Abuser exploits atmosphere.,plausible,1
Researcher denounces mismanagement.,implausible,1
Role shouts nectar.,implausible,1
Decision sets stage.,plausible,1
Performer pinpoints role.,plausible,1
Resin reinvigorates attitude.,implausible,1
Pit contains kidnapping.,implausible,0
Flag increases nationalism.,plausible,1
Study envelops transport.,implausible,1
Person make tool.,plausible,1
Scope fetches maximization.,implausible,0
Objective secures town.,plausible,1
Leadership begins preparation.,plausible,1
Earth stabilizes title.,implausible,0
Conservation magnifies shelter.,implausible,1
Challenge provides person.,plausible,0
Poem combines pride.,plausible,1
Tribe introduces bison.,plausible,0
Tape revolutionizes flask.,implausible,0
Heat catches cyclist.,implausible,0
Discovery intersects library.,implausible,1
Indexing annihilates effect.,implausible,0
Mob overruns palace.,plausible,1
Navy displeases screen.,implausible,0
Variable reads area.,implausible,1
Report alleges irregularity.,plausible,1
Constituency covers city.,plausible,1
Case illustrates parallelism.,plausible,1
Infant needs assistance.,plausible,1
Child predates neuron.,implausible,1
Controversy dominates sport.,plausible,1
Foundation runs workshop.,plausible,1
Neurology loves orchard.,implausible,0
Page instigates container.,implausible,0
Nation sends representative.,plausible,1
Letter equates birth.,plausible,0
Conspirator carries manifesto.,plausible,1
Spacecraft paints lease.,implausible,0
Withdrawal stifles chair.,implausible,1
Hospital dismantles fame.,implausible,0
Soldier postulates compulsion.,implausible,1
Variation survives clown.,implausible,1
Salamander sends moon.,implausible,0
Minority renders foreword.,implausible,0
Practitioner reaches illumination.,plausible,1
Variable alludes space.,implausible,0
Heckler fertilizes training.,implausible,0
Guest receives ladle.,plausible,0
Company sends acceptance.,plausible,1
Word entails pup.,implausible,0
Presence dominates city.,plausible,1
Rice represents mountain.,plausible,1
Exchange stimulates innovation.,plausible,1
Variation diminishes chip.,implausible,1
Canal exposes noun.,implausible,1
Stairwell finds successor.,implausible,0
Yard determines cathedral.,implausible,0
Pie lure church.,implausible,0
Diver raises pressure.,plausible,1
Comedian wants stage.,plausible,1
Exercise unites garden.,implausible,1
Shield represents shield.,plausible,0
Cat eats sardine.,plausible,1
Rupture brings anxiety.,plausible,1
Function reproduces building.,implausible,0
Director attaches accident.,implausible,1
Temperature permits efficiency.,plausible,1
Guide mentions altarpiece.,plausible,1
Candidate opposes abortion.,plausible,1
Employee receives ladle.,plausible,1
Throat passes subsistence.,implausible,0
Diplomacy threatens tile.,implausible,0
Pirate repays professor.,implausible,0
Researcher describes form.,plausible,1
Book combines reflection.,plausible,1
Decree approves desert.,implausible,1
Girl observes basin.,implausible,1
Agent seizes phone.,plausible,1
Voter approves secession.,plausible,0
Courthouse elevates type.,implausible,1
Success reiterates golfer.,implausible,1
Pitcher leads league.,plausible,1
Team wins game.,plausible,1
Dissolution falls attention.,implausible,0
Person recovers damage.,plausible,1
Map shows boundary.,plausible,1
Authority applies brand.,plausible,1
Abstraction kicks peanut.,implausible,0
Conspiracy threatens city.,plausible,1
Replica stiffens house.,implausible,1
Bar spins spirit.,implausible,1
Bandleader chooses member.,plausible,1
Version foresees theologian.,implausible,0
Guard revolves gentleman.,implausible,1
Onset extracts incentive.,implausible,0
Band establishes place.,plausible,1
Inventory confirms user.,implausible,1
Effect demonstrates expectation.,plausible,1
Convent secretes energy.,implausible,1
Corps reworks turban.,implausible,0
Newspaper breaks story.,plausible,1
Phase obeys goat.,implausible,0
Traveler publishes impression.,plausible,1
Asterisk denotes member.,plausible,1
Decision instructs patriotism.,implausible,1
Career reestablishes chicken.,implausible,1
Bacterium consumes sugar.,plausible,0
Proliferation surmounts dignity.,implausible,1
Success establishes reputation.,plausible,1
Company announces plan.,plausible,1
Variation pours piano.,plausible,0
Candidate overruns floodlight.,implausible,0
Software shakes sample.,implausible,1
Contribution depicts picture.,plausible,0
Person flies type.,plausible,0
Book infiltrates wit.,implausible,1
Series receives criticism.,plausible,1
Development initiates building.,plausible,1
Subculture vandalizes basis.,implausible,0
Volcano facilitates word.,implausible,0
Philanthropy threatens propriety.,implausible,1
Plant occupies attention.,plausible,1
Girl describes invention.,plausible,1
Ignorance organizes illness.,implausible,1
Director clarifies controversy.,plausible,1
Motive provides facility.,plausible,1
Man finds ticket.,plausible,1
Student produces newspaper.,plausible,1
Daughter infuriates duration.,implausible,0
Forum tackles issue.,plausible,1
Woodland provides shelter.,plausible,1
Variety observes relaxation.,plausible,1
Album draws title.,plausible,0
Rationale discourages formation.,plausible,1
Experience streamlines ignorance.,implausible,1
Gem optimizes way.,implausible,1
Portrait lays marble.,implausible,0
Person enrich understanding.,plausible,1
Module disembarks diver.,implausible,0
Fighter sustains damage.,plausible,1
Company introduces version.,plausible,1
Squirrel finds script.,implausible,0
Fisherman deports construction.,implausible,0
Student attains point.,plausible,1
Spokesman confirms intention.,plausible,1
Array collaborates rice.,implausible,0
Geographer mentions reference.,plausible,1
Tusk spreads bolt.,implausible,1
Wind uproots hundred.,plausible,0
Interrogator asks question.,plausible,1
Person possesses alcohol.,plausible,1
Seed wins title.,plausible,1
Pilgrimage means unit.,implausible,0
Culture manages communism.,implausible,1
Weight breaks rail.,plausible,1
Guard condemns remittance.,implausible,1
Command deposes viceroy.,plausible,0
Submarine observes airship.,plausible,1
Council seeks replacement.,plausible,1
Rancher lives lot.,implausible,1
Murderer fits corkscrew.,implausible,1
Financier enumerates hand.,implausible,1
Hostel pokes prediction.,implausible,0
Principle constrains wool.,implausible,1
Majority casts ballot.,plausible,1
Photograph scuttles recording.,implausible,1
Posterity conducts origin.,implausible,1
Tower requires approval.,plausible,1
Company creates technology.,plausible,1
Press sets state.,plausible,0
Death leads friend.,plausible,1
Petition seeks legislation.,plausible,1
Roster improves relapse.,implausible,0
Slowness encourages proliferation.,plausible,0
Commoner endows decade.,implausible,0
Dentist weighs attention.,implausible,1
Population endures hardship.,plausible,1
Description reevaluates job.,implausible,1
Dealer puts soccer.,implausible,0
Group fits definition.,plausible,1
Invitation secretes continuity.,implausible,1
Road mends rhetoric.,implausible,0
Film runs way.,plausible,1
Assembly leaves fringe.,implausible,1
Device reverses polarity.,plausible,1
Sister sells part.,plausible,1
Club develops reputation.,plausible,1
Leader assumes office.,plausible,1
Usage means servant.,plausible,0
Optician deduces limitation.,implausible,1
Purpose conducts voltage.,plausible,1
Diffusion overtakes materialism.,implausible,1
Branch travels realization.,implausible,0
Clutch robs superiority.,implausible,0
Person lifts hand.,plausible,1
Loss decreases likelihood.,plausible,1
Manifestation sends rape.,implausible,0
Library contributes cylinder.,plausible,0
Mechanism stops ovulation.,plausible,1
Rock provides view.,plausible,1
Trader navigates tour.,implausible,1
Scene leaves impression.,plausible,1
Rule leads pillow.,implausible,0
Devotee pulls chariot.,plausible,1
Film draws story.,plausible,1
Zeal begins leg.,plausible,1
Cable injures rent.,implausible,1
Newspaper encrypts slavery.,implausible,0
Facelift works sermon.,implausible,1
Singularity quits computing.,implausible,0
Party treats election.,plausible,1
Invasion requires obligation.,implausible,1
Implementation implies squatter.,implausible,0
Press decreases activism.,implausible,0
Novelty illuminates tendency.,implausible,0
Event carries purse.,plausible,1
Airport provides variety.,plausible,1
Cinema means film.,plausible,1
Album introduces song.,plausible,1
Authority ignites greatness.,implausible,1
Eminence corroborates area.,implausible,0
Viewer catches glimpse.,plausible,1
Guy mobilizes guy.,plausible,0
Motor lifts arm.,plausible,1
Astronaut chooses album.,plausible,1
Armada seeks understanding.,implausible,1
Interpretation validates sale.,plausible,1
Sensor serves cartridge.,implausible,1
Resident says thing.,plausible,1
Film holds rating.,plausible,1
Wedding motivates library.,implausible,0
Report stops accusation.,plausible,1
University flexs registration.,implausible,1
Conflict entails trousers.,implausible,0
Boom characterizes period.,plausible,1
Instability reckons predator.,implausible,0
Tortoise recruits peer.,implausible,0
Reason makes killer.,plausible,1
Pipe incorporates layer.,plausible,1
Celebration pleads robot.,implausible,0
Study overtakes tent.,implausible,1
Colonization drops seat.,implausible,0
Elite threatens way.,plausible,1
Decision hurls negotiator.,implausible,1
Son expands enterprise.,plausible,1
Rafter accentuates tranquility.,implausible,1
Engine harasses oil.,implausible,0
Privateer forbids variety.,implausible,1
Pelican recalls hill.,implausible,0
Sea capsizes boat.,plausible,1
Dressmaker saturates interpolation.,implausible,1
Consulate lure job.,implausible,1
Behavior elicits suspicion.,plausible,1
Student demonstrates disapproval.,plausible,1
Attacker launches grenade.,plausible,1
Race reclaims poncho.,implausible,0
Neighbor rebuilds scheme.,implausible,1
Element seizes bridge.,plausible,0
Suitor requires annoyance.,implausible,0
Assailant outlives death.,implausible,1
Fin ruins bay.,implausible,0
Fleet wishes vulnerability.,implausible,1
Fury creates maelstrom.,plausible,1
Enchanter laments mobility.,implausible,1
Provision categorizes toilet.,implausible,0
Deck inserts restaurant.,implausible,0
Ship works way.,plausible,1
Indication pronounces consonant.,plausible,0
Company establishes hundred.,plausible,1
Event starts era.,plausible,1
Loss diminishes race.,plausible,1
Market drives innovation.,plausible,1
Mission builds infrastructure.,plausible,1
Partition devotes condition.,implausible,1
Viewer sets volume.,plausible,1
Poetry wishes limestone.,implausible,0
House sustains roof.,plausible,1
Newsletter recognizes disclosure.,implausible,1
Dynasty regains influence.,plausible,1
Moon severs debut.,implausible,0
Affiliate constructs robe.,implausible,0
Wolf escapes city.,plausible,1
Park smashes effort.,implausible,0
Son receives interest.,plausible,1
Card requires capability.,plausible,1
Firefighter works schedule.,plausible,1
Dimension halts unemployment.,implausible,0
Earthquake strikes region.,plausible,1
Orchid extinguishes integration.,implausible,1
Canal collects humor.,plausible,1
Man says annoyance.,implausible,1
Bodyguard obligates principle.,implausible,1
Activity afflicts point.,implausible,0
Analysis shows gradient.,plausible,1
Authority clamps refund.,implausible,1
Division assumes posture.,plausible,1
Variant carries person.,plausible,0
Community proves title.,implausible,1
Determination underlines experiment.,implausible,1
Venture offsets book.,implausible,1
Officer puts trophy.,implausible,1
Nominee convinces ticket.,implausible,1
State disembarks attack.,implausible,1
Area runs flock.,plausible,0
Completion hones objection.,implausible,1
Book mentions person.,plausible,1
Man finds acceptance.,plausible,1
Term covers range.,plausible,1
Fist sends football.,plausible,0
Area recognizes authority.,plausible,1
Classification hauls slavery.,implausible,1
Library needs space.,plausible,1
Analysis constrains theory.,plausible,1
Row elicits game.,plausible,1
Consumer pokes vision.,implausible,1
