event	original_label	multi-class_prediction	binary_prediction
ability means mobility	plausible	5	1
ability permits multiplication	plausible	5	1
abnormality irrigates year	implausible	2	1
abstraction kicks peanut	implausible	1	0
abuser encourages broadcasting	implausible	5	1
abuser exploits atmosphere	plausible	4	1
abuser fits study	implausible	1	1
access diminishes power	plausible	4	1
acclaim leaves optimist	implausible	5	1
accordion anticipates city	implausible	4	1
achievement reaches community	plausible	5	1
acquisition casts glance	plausible	1	0
action catches interest	plausible	5	1
activation weaves news	implausible	2	0
activity afflicts point	implausible	1	0
adherent crosses element	implausible	4	0
administration builds infrastructure	plausible	5	1
advance decreases time	plausible	5	1
advance guarantees freedom	plausible	4	1
advantage decorates rupture	implausible	4	1
advantage leads state	plausible	4	1
advantage outweighs risk	plausible	5	0
advent embellishes sentiment	implausible	4	1
advent introduces possibility	plausible	4	1
advertisement cheers windmill	implausible	2	0
advertiser portrays evidence	implausible	4	1
advertiser represents vigilante	implausible	5	1
advocate expands operation	plausible	4	1
advocate writes continuation	plausible	4	1
aesthetic cover reliance	implausible	1	0
affiliate constructs robe	implausible	2	0
affiliate fills schedule	plausible	5	1
affiliate scuttles place	implausible	4	1
afternoon combines embodiment	implausible	1	0
agency identifies variety	plausible	5	1
agenda irrigates nation	implausible	5	1
agent seizes phone	plausible	5	1
agreement describes facade	implausible	5	1
agreement illuminates guest	implausible	4	1
agreement turns descendant	plausible	2	0
airline drives lung	implausible	4	1
airline starts operation	plausible	5	1
airport handles user	plausible	5	0
airport provides variety	plausible	2	1
airport skips role	implausible	4	1
airport starts operation	plausible	4	1
airship provides compliance	implausible	4	1
album attains score	plausible	5	1
album breaks genre	plausible	4	1
album brings success	plausible	5	1
album draws title	plausible	1	0
album grazes initiative	implausible	4	1
album introduces song	plausible	5	1
album makes debut	plausible	5	1
album transcends notion	plausible	1	0
alley helps rearrangement	implausible	1	0
alliance derives rupee	implausible	1	0
alliance wins seat	plausible	5	1
allusion beats moose	implausible	4	1
allusion uses condemnation	implausible	5	1
ally infiltrates city	plausible	1	0
altar reaches banana	implausible	1	0
ambition creates outpatient	implausible	4	1
ambition writes book	plausible	4	1
amendment establishes wall	plausible	2	1
amount exceeds value	plausible	5	1
amount reaches journal	plausible	1	0
amphibian outshines patron	implausible	5	1
analysis constrains theory	plausible	5	1
analysis illustrates difficulty	plausible	5	1
analysis shows gradient	plausible	4	1
anchor increases accuracy	plausible	5	1
anecdote resumes opportunity	implausible	4	1
angel announces birth	plausible	4	1
anger locks attack	implausible	4	1
anger unlocks formation	implausible	2	1
anguish exceeds place	implausible	1	0
animator comprises trip	implausible	4	1
anthropologist means firm	implausible	5	1
anthropologist unlocks quarterback	implausible	1	0
ape holds mirror	plausible	2	1
apparatus chooses man	implausible	4	1
appearance inserts subsistence	implausible	5	1
apple encrypts service	implausible	1	0
approach encourages person	plausible	2	1
approach facilitates generation	plausible	5	1
approval constrains network	implausible	5	1
apron reimburses dolphin	implausible	1	0
aquarium contains chance	implausible	4	0
arcade serves experience	plausible	4	1
architecture shouts diploma	implausible	2	0
area begins building	plausible	4	1
area covers variety	plausible	5	1
area covers water	plausible	5	1
area produces number	plausible	4	1
area recognizes authority	plausible	4	1
area runs flock	plausible	1	0
area substantiates aspiration	implausible	1	0
aristocrat means opponent	implausible	1	0
arm accelerates kiln	implausible	1	0
armada seeks understanding	implausible	2	1
army assumes posture	plausible	5	1
army infests degeneration	implausible	4	1
army invades state	plausible	5	1
army rediscovers shotgun	plausible	5	1
army restructures courage	implausible	2	0
army seizes castle	plausible	5	1
arrangement fits definition	plausible	1	0
arrangement possesses rigor	plausible	4	1
array collaborates rice	implausible	1	0
array observes room	implausible	4	1
arrogance exceeds glorification	implausible	5	1
arrow wears chest	implausible	1	0
arsenal adulterates unit	implausible	4	1
aspect buys component	plausible	1	1
aspiration creates girl	implausible	4	1
assailant outlives death	implausible	1	1
assailant overruns city	plausible	5	1
assembly develops constitution	plausible	4	1
assembly introduces number	plausible	4	1
assembly leaves fringe	implausible	2	1
assembly situates toll	implausible	4	1
assignment breaks optimism	implausible	5	1
assistant provides condom	implausible	1	0
assistant scuttles reference	implausible	4	1
association complicates interpretation	plausible	5	1
association perceives excitation	implausible	2	1
association plays role	plausible	4	1
association publishes magazine	plausible	5	1
assortment reworks ladle	implausible	5	0
asterisk denotes member	plausible	5	1
astronaut chooses album	plausible	5	1
astrophysicist passes excavation	implausible	2	0
athleticism inspires effort	plausible	4	1
attacker launches grenade	plausible	4	1
attacker reaches card	implausible	4	1
attacker talks nose	implausible	5	0
attacker yells slur	plausible	5	1
attempt redirects notoriety	implausible	2	1
attendee disengages norm	plausible	4	1
attendee uncovers interview	implausible	5	1
attitude brings humor	plausible	5	1
aura inflicts encyclopedia	implausible	2	0
authority applies brand	plausible	4	1
authority calls veracity	plausible	5	1
authority clamps refund	implausible	2	1
authority gathers ribbon	implausible	4	1
authority ignites greatness	implausible	2	1
authority inserts copulation	implausible	4	1
authority lifts restriction	plausible	4	1
authority manages airport	plausible	5	1
authority organizes range	plausible	4	1
authority renames airport	plausible	2	0
authority secretes cone	implausible	1	0
authority stops man	plausible	5	1
authorship declines spinner	implausible	1	0
authorship distorts end	implausible	4	1
backpack admires opposition	implausible	1	0
bacterium collects tooth	plausible	1	0
bacterium consumes sugar	plausible	4	0
bag overruns string	implausible	1	0
ball affects ball	plausible	4	0
ball comes way	plausible	4	1
ball denotes number	plausible	4	1
ballot rolls office	implausible	2	0
band breaks silence	plausible	5	1
band consists kid	plausible	1	0
band establishes place	plausible	5	1
band follows convolution	plausible	4	1
band has fun	plausible	5	1
band ignites photon	implausible	1	0
band impresses teamwork	implausible	2	0
band leaves villain	implausible	1	0
band releases biography	plausible	5	1
band reschedules tour	plausible	4	0
band starts leg	plausible	1	0
bandleader chooses member	plausible	4	1
bandleader solves tail	implausible	1	0
bank cuts link	plausible	1	0
bank destabilizes library	implausible	1	1
bank develops site	plausible	5	1
bank stops book	implausible	4	1
bankruptcy confuses race	implausible	4	1
bar betrays name	implausible	5	1
bar spins spirit	implausible	4	1
bartender chooses thing	implausible	4	1
basis recognizes individual	plausible	4	1
bat has slate	implausible	2	0
batch corroborates rage	implausible	1	0
battalion extrapolates archive	implausible	1	0
battleship expands cargo	implausible	2	1
battleship terrifies species	implausible	5	1
battleship turns attention	plausible	5	1
bazaar covers costume	implausible	1	1
bazaar reproduces prosperity	plausible	1	1
beach picks involvement	implausible	4	1
beam belittles toilet	implausible	1	0
bedroom reaches nodule	implausible	2	0
beef extinguishes supremacy	implausible	4	1
beetle begins infestation	plausible	4	1
beginning mentions side	implausible	1	0
beginning steals story	implausible	4	1
behavior elicits suspicion	plausible	5	1
belief sings fusion	implausible	1	1
bell sets withdrawal	implausible	1	1
betrothal eats form	implausible	1	0
bibliography sets person	implausible	4	1
biker characterizes subtype	implausible	4	1
bird chooses site	plausible	5	1
bird commits suicide	plausible	4	1
bird fees nectar	plausible	5	1
birthplace revisits episode	implausible	2	1
bison provides grandfather	implausible	2	1
blast leaves person	plausible	2	0
blood reduces feather	plausible	1	0
blueprint reestablishes scenery	implausible	1	0
boar swaps name	implausible	4	1
boardwalk awaits disk	implausible	1	0
boat occurs discrimination	implausible	5	0
boat sustains damage	plausible	5	1
bodice abandons number	implausible	1	0
body gathers suspension	implausible	1	1
body hears testimony	plausible	1	0
body incorporates illness	plausible	5	1
body precludes ordination	implausible	4	0
bodyguard obligates principle	implausible	4	1
book catches eye	plausible	5	1
book checks fitness	implausible	2	1
book combines reflection	plausible	4	1
book compares plug	implausible	1	0
book describes condition	plausible	4	1
book develops model	plausible	5	1
book identifies characteristic	plausible	4	1
book infiltrates wit	implausible	5	1
book mentions person	plausible	4	1
book omits dispersion	implausible	4	0
book opposes view	plausible	5	1
book realizes size	implausible	2	0
book receives acclaim	plausible	5	1
boom characterizes period	plausible	5	1
botanist publishes arrangement	plausible	5	1
bowl provides siege	implausible	2	1
boy acknowledges ignorance	plausible	5	1
boy digs hole	plausible	5	1
boycott isolates scholar	plausible	5	1
brain conceptualizes piano	implausible	4	0
branch declares opposition	plausible	4	1
branch stays independence	implausible	2	1
branch travels realization	implausible	1	0
brass differs number	implausible	1	0
brass subverts confluence	implausible	2	0
breach accelerates seat	implausible	1	0
bridge itemizes manufacturer	implausible	1	0
broadcast concentrates alignment	implausible	4	0
broker dominates kebab	implausible	5	1
building correlates congestion	implausible	5	1
building misplaces ingredient	implausible	4	1
building postdates connotation	implausible	4	1
building understates food	implausible	4	1
building wishes town	implausible	4	1
bull imprisons quality	implausible	1	0
bull locks horn	plausible	4	1
bullet manipulates aide	implausible	4	1
bullfighter annihilates trademark	implausible	4	1
bunch puts pace	implausible	1	0
burial forgets documentation	implausible	2	0
burial sustains insecurity	implausible	1	0
button invokes function	plausible	4	1
cabinet assumes office	plausible	5	1
cable injures rent	implausible	4	1
cable puts vision	plausible	1	1
camera fictionalizes contour	implausible	2	0
campus persuades scenery	implausible	1	0
canal collects humor	plausible	1	1
canal exposes noun	implausible	4	1
candidacy encodes appreciation	implausible	4	1
candidate opposes abortion	plausible	5	1
candidate overruns floodlight	implausible	2	0
candidate shows ability	plausible	5	1
capability exceeds performance	plausible	5	1
capacitor annoys suffix	implausible	1	0
capacitor misunderstands reference	implausible	2	1
caper extracts finger	implausible	1	0
caper reconciles barley	implausible	4	1
car praises performance	plausible	5	0
car raises suspicion	plausible	4	1
card requires capability	plausible	4	1
career reestablishes chicken	implausible	1	1
career steers gargoyle	implausible	4	1
carnival facilitates thing	plausible	2	1
case hunts tent	implausible	4	1
case illustrates parallelism	plausible	5	1
case negates supporter	implausible	5	1
caste etches contemplation	implausible	2	0
castle comprises section	plausible	5	1
castle follows arrangement	plausible	5	1
castle negates range	implausible	4	1
casualty comprises man	plausible	4	1
cat eats sardine	plausible	5	1
cat shows preference	plausible	5	1
catalyst splits water	plausible	5	0
catfish reissues authority	implausible	2	0
cathedral helps ordination	implausible	4	1
cattle regulates advantage	implausible	4	1
cavalry frustrates ceremony	implausible	4	1
cavalry invalidates edition	implausible	4	1
cave complicates firework	implausible	4	1
cave passes hardware	implausible	1	0
celebration pleads robot	implausible	2	0
celebration suspends ball	implausible	1	0
center conducts workshop	plausible	4	1
center elevates ammunition	implausible	5	1
ceremony distributes book	implausible	4	1
chalk annoys interest	implausible	2	0
challenge provides person	plausible	4	0
challenger chooses value	plausible	5	1
character narrates episode	plausible	4	1
character portrays lawyer	plausible	5	1
character says word	plausible	4	1
character survives film	plausible	4	1
character transcribes name	plausible	1	1
chat selects glorification	implausible	5	1
chat sells secretion	implausible	1	0
child asserts belief	plausible	5	1
child demolishes railway	implausible	4	1
child entertains mouse	implausible	4	1
child integrates sect	plausible	4	1
child invents mystery	plausible	5	1
child predates neuron	implausible	4	1
child pushes button	plausible	4	1
child puts shoe	plausible	2	1
child realizes bee	implausible	1	0
child receives money	plausible	5	1
child submits application	plausible	5	1
child survives abortion	plausible	1	0
child wears kind	plausible	4	1
childbirth decreases risk	plausible	5	1
chimpanzee reconnects prediction	implausible	1	0
chin embraces infant	plausible	4	1
choice treats water	plausible	1	0
chorus eludes application	implausible	4	1
church attaches importance	plausible	4	1
church consumes misanthropy	implausible	4	0
church creates number	plausible	4	1
church defies stamp	implausible	4	1
church establishes self	plausible	1	1
church finds issue	plausible	4	1
church passes resolution	plausible	4	1
church preaches doctrine	plausible	5	1
church renames wine	implausible	4	1
church sustains damage	plausible	1	0
cigarette throws camel	implausible	1	0
cinema hurls joy	implausible	4	1
cinema means film	plausible	5	1
circuit cuts treasury	implausible	4	1
circuit transcends driver	implausible	4	1
city administers district	plausible	5	1
city considers variety	plausible	4	1
city contributes member	plausible	4	1
city dedicates street	plausible	4	1
city disengages telegram	implausible	4	0
city expands boundary	plausible	5	1
city folds fruit	implausible	1	0
city fulfils insecurity	implausible	4	1
city hangs intake	implausible	2	0
city has concentration	plausible	5	1
city lives period	plausible	4	1
city renames section	plausible	4	1
class disembarks antiquity	implausible	2	0
class rediscovers prosperity	plausible	5	1
class reduces farmer	plausible	1	0
class welcomes reservation	plausible	5	1
classification hauls slavery	implausible	4	1
clique discontinues graph	implausible	4	1
clock defines time	plausible	4	1
clock puts divergence	plausible	1	1
club develops reputation	plausible	1	1
club identifies equality	implausible	4	1
club plays football	plausible	5	1
club plays season	plausible	5	1
club submits paperwork	plausible	5	1
club welcomes guitarist	plausible	4	1
club wins edition	plausible	5	1
cluster requires pianist	plausible	4	1
clutch robs superiority	implausible	1	0
coach kicks point	plausible	4	1
coal carries adaption	implausible	1	0
coat imparts album	implausible	1	0
cobblestone imitates envelope	implausible	2	1
cocoa juggles vessel	implausible	1	1
codex hypnotizes mentality	implausible	2	0
coefficient dedicates village	implausible	4	1
coefficient perpetuates side	implausible	4	1
coffin assembles kilo	implausible	1	0
coin excites controversy	plausible	4	1
coliseum nullifies detonation	implausible	5	1
collaboration facilitates ambience	implausible	2	0
collaboration represents time	plausible	4	1
collection epitomizes serviceman	implausible	4	1
collection needs autonomy	implausible	4	1
collection participates armband	implausible	4	1
collector pummels stage	implausible	1	0
collision abandons value	implausible	4	1
collision sends person	plausible	2	0
colonization comprises roadblock	implausible	5	0
colonization drops seat	implausible	2	0
colonization strengthens evidence	implausible	4	1
coloration shows difference	plausible	4	1
columnist lauds performance	plausible	5	1
combination wears situation	plausible	1	1
comedian conducts suspension	implausible	2	0
comedian wants stage	plausible	5	1
command deposes viceroy	plausible	1	0
command imparts elimination	implausible	4	1
committee considers application	plausible	5	1
committee stands body	plausible	1	0
commoner endows decade	implausible	1	0
communism holds rent	implausible	1	0
community proves title	implausible	4	1
community resurrects encouragement	implausible	2	1
community signifies portrayal	implausible	5	1
company announces plan	plausible	5	1
company considers propriety	plausible	5	1
company creates technology	plausible	5	1
company establishes hundred	plausible	4	1
company introduces version	plausible	5	1
company makes bar	plausible	4	1
company manages merchandise	plausible	4	1
company moves office	plausible	4	1
company produces variety	plausible	4	1
company runs possibility	plausible	4	1
company sends acceptance	plausible	4	1
compartment speaks point	implausible	5	0
competency provides finger	implausible	2	0
competition plays role	plausible	4	1
compiler gathers winter	implausible	2	0
compiler violates power	implausible	4	1
completion halve time	plausible	4	1
completion hones objection	implausible	4	1
completion sets stage	plausible	5	1
computer hurls opposition	implausible	2	0
computer reads scanner	implausible	5	1
concentration unravels invasion	implausible	2	0
concept certifies figurine	implausible	2	0
concept defines child	plausible	4	1
concern educates person	plausible	5	1
concerto blends team	implausible	2	0
concordance concedes torque	implausible	4	1
concourse paves period	implausible	1	0
condition evaluates crypt	implausible	1	0
conductivity saturates nation	implausible	1	0
conflict entails trousers	implausible	1	0
conscience considers hospitalization	implausible	1	0
conscience internalizes imagination	implausible	5	1
conscientiousness deports anniversary	implausible	1	0
consciousness wraps takeoff	implausible	1	0
consensus reads attempt	plausible	5	1
conservation magnifies shelter	implausible	5	1
conspiracy sings slaughter	implausible	2	0
conspiracy threatens city	plausible	5	1
conspirator carries manifesto	plausible	4	1
constancy leaves duration	implausible	1	0
constituency covers city	plausible	5	1
construction follows completion	plausible	4	1
construction identifies space	plausible	4	1
construction necessitates closure	plausible	4	1
construction overtakes discomfort	implausible	4	1
consulate lure job	implausible	5	1
consumer pokes vision	implausible	5	1
contact participates cloth	implausible	1	1
contagion emits disease	plausible	4	1
contamination establishes medicine	implausible	2	0
contribution depicts picture	plausible	2	0
controversy dominates sport	plausible	5	1
convent secretes energy	implausible	1	1
conversion reassess ultimatum	implausible	5	1
conversion ties highway	implausible	2	0
cooperation overtakes divergence	implausible	4	1
copy inflates disbelief	implausible	4	1
core comprises atrium	plausible	4	1
core evades overdraft	implausible	1	0
corn hits war	implausible	1	0
corporation establishes branch	plausible	5	1
corporation utilizes foresight	plausible	5	1
corps reworks turban	implausible	1	0
correspondent pushes grape	implausible	1	0
corruption becomes ruling	implausible	4	1
corruption facilitates destruction	plausible	5	1
council deems soldier	plausible	1	0
council duplicates body	plausible	1	0
council inherits office	plausible	4	1
council provides function	plausible	5	1
council seeks replacement	plausible	5	1
countess maximizes incentive	implausible	4	1
countess regulates name	implausible	4	1
county constructs highway	plausible	1	1
county receives hour	plausible	5	0
couple buys franchise	plausible	5	1
couple establishes firm	plausible	5	1
couple finds cockroach	implausible	4	1
couple finds institution	plausible	2	1
couple has daughter	plausible	5	1
couple lives lifestyle	plausible	5	1
coupon subverts loyalty	implausible	4	1
courthouse dismantles priority	implausible	1	1
courthouse elevates type	implausible	1	1
craft inaugurates title	implausible	1	0
craftsman believes book	implausible	1	0
crash flies characteristic	implausible	1	1
crash reuses house	implausible	2	0
credit opposes dedication	implausible	5	1
credit shows grape	implausible	1	1
credit throws evidence	implausible	4	1
creek persuades contraction	implausible	2	0
crisis prohibits supporter	implausible	4	1
criticism betrays moon	implausible	5	1
criticism crosses line	plausible	4	1
critique obeys skeleton	implausible	1	0
cruiser needs dollar	plausible	5	1
cruiser resumes duty	plausible	5	1
crusader loves poster	implausible	4	1
culture chews grain	plausible	4	1
culture imitates simplicity	implausible	5	1
culture manages communism	implausible	4	1
customer perceives way	plausible	5	1
customer straddles warmth	implausible	4	1
cyclist abides hundred	implausible	1	1
cyclist wins stage	plausible	5	1
cylinder plucks sympathy	implausible	1	0
dam produces power	plausible	5	1
dam substantiates book	implausible	1	0
daughter displaces community	implausible	4	1
daughter erases segmentation	implausible	4	1
daughter infuriates duration	implausible	1	0
daughter quantifies village	implausible	2	0
day contributes physician	implausible	5	1
day owes night	plausible	2	0
dealer draws tile	plausible	1	0
dealer puts soccer	implausible	1	0
dealer throws dice	plausible	1	0
death leads friend	plausible	1	1
death represents inability	plausible	1	1
debt brings name	implausible	4	1
decentralization exposes perspective	implausible	4	1
decision enrages corner	plausible	4	1
decision hurls negotiator	implausible	5	1
decision instructs patriotism	implausible	4	1
decision sets stage	plausible	1	1
deck inserts restaurant	implausible	1	0
declaration visits shell	implausible	2	0
decoder dismantles puppy	implausible	1	0
decree approves desert	implausible	1	1
defendant sells sandwich	plausible	1	1
deficit reissues skill	implausible	1	0
delegation passes resolution	plausible	4	1
delegation violates doctrine	plausible	5	1
delegation visits territory	plausible	5	1
delegation wins medal	plausible	4	1
demise assimilates wall	implausible	2	0
demonstration brings traffic	plausible	5	1
demonstration writes sea	implausible	1	1
demonstrator forges exposure	implausible	5	0
demonstrator holds placard	plausible	5	1
demotion leads member	plausible	4	1
density afflicts variety	implausible	4	1
dentist weighs attention	implausible	5	1
depiction builds bridge	plausible	1	0
depression brings rainfall	plausible	1	0
derailment sells integration	implausible	5	0
descendant lays territory	implausible	4	1
description describes conflict	plausible	5	1
description determines idea	plausible	4	1
description fits member	plausible	1	1
description overestimates crispness	implausible	4	1
description provides name	plausible	5	1
description reevaluates job	implausible	4	1
descriptor finds forest	plausible	1	0
desensitization demolishes farmhouse	implausible	4	1
designation affects interior	plausible	1	0
designer blames failure	plausible	4	1
designer wins challenge	plausible	5	1
desire tosses alcohol	implausible	1	1
destination ensures usefulness	plausible	4	1
destroyer enrages sorrow	implausible	5	1
destructor conceptualizes instruction	implausible	2	1
detail invokes letter	plausible	4	1
determination underlines experiment	implausible	5	1
development catches neighborhood	plausible	4	1
development flees office	implausible	2	0
development initiates building	plausible	5	1
device reverses polarity	plausible	5	1
devotee passes night	plausible	2	0
devotee pulls chariot	plausible	5	1
devotee snaps finger	plausible	5	1
dialect secretes jealousy	implausible	2	0
diamond pronounces dentist	implausible	5	1
diamond suspends basis	implausible	2	1
dictatorship grabs power	plausible	4	1
difference hears mule	implausible	1	0
difference starts designation	implausible	4	1
difficulty reevaluates nest	implausible	4	1
diffusion overtakes materialism	implausible	4	1
digitization demolishes man	implausible	4	1
dimension halts unemployment	implausible	2	0
diner receives supply	implausible	4	1
dingo reschedules way	implausible	1	1
diplomacy provides omission	implausible	5	1
diplomacy threatens tile	implausible	2	0
director attaches accident	implausible	5	1
director clarifies controversy	plausible	5	1
director declares intention	plausible	5	1
director enriches excellence	implausible	5	1
director internalizes training	implausible	4	1
director shows picture	plausible	5	1
discovery inspires script	plausible	4	1
discovery intersects library	implausible	4	1
discovery raises possibility	plausible	5	1
dish suspends interplay	implausible	2	0
dish tolerates cinnamon	implausible	4	1
dismissal advises film	implausible	5	1
dispute leads person	plausible	4	1
dissertation elevates sunflower	plausible	4	1
dissolution falls attention	implausible	1	0
diver develops skill	plausible	2	0
diver raises pressure	plausible	2	1
division assumes posture	plausible	2	1
division hears appeal	plausible	4	1
documentary holds cod	implausible	5	0
documentary implies tongue	implausible	1	0
documentation becomes reunion	implausible	4	1
dog bites baby	plausible	4	1
dollar receives sheet	implausible	1	0
dolphin conducts professionalism	implausible	1	0
dolphin poses snout	plausible	1	0
doorway categorizes theater	implausible	4	1
dose creates suggestion	implausible	4	1
doughboy postdates seafarer	implausible	2	0
doughboy wears poncho	plausible	1	1
downside disagrees seat	implausible	2	0
drainage creates condition	plausible	4	1
drama emphasizes trial	plausible	5	1
drama portrays dilemma	plausible	4	1
draught obeys genome	implausible	2	0
dressmaker saturates interpolation	implausible	4	1
driver starts season	plausible	4	1
driver stops train	plausible	5	1
drought threatens peace	plausible	5	1
dualism annoys opinion	implausible	2	1
duck introduces virus	plausible	1	1
duck rehabilitates quality	implausible	2	0
duck rotates horse	implausible	1	0
duke crisscrosses hypothermia	implausible	1	0
dummy pollinates conviction	implausible	1	0
duo attracts nectar	implausible	1	0
duo releases song	plausible	5	1
dynasty regains influence	plausible	4	1
ear hears sentence	plausible	5	1
earth expands trigonometry	implausible	2	0
earth stabilizes title	implausible	1	0
earthquake hits island	plausible	4	1
earthquake regurgitates reserve	implausible	1	0
earthquake strikes province	plausible	5	1
earthquake strikes region	plausible	5	1
ecology incurs building	implausible	2	0
economy bounces judge	implausible	1	0
economy integrates commission	plausible	5	1
education means form	plausible	4	1
effect decreases time	plausible	5	1
effect demonstrates expectation	plausible	5	1
effect remarries connectivity	implausible	1	0
efficiency includes prospect	implausible	4	1
effort discourages activist	plausible	5	1
effort magnifies elevator	implausible	1	1
element obeys condition	plausible	2	1
element satisfies identity	plausible	4	1
element seizes bridge	plausible	2	0
elephant bounces tip	plausible	1	0
elephant possesses adaptation	plausible	4	1
elevation has projection	plausible	5	1
elevator includes comrade	implausible	4	1
elite threatens way	plausible	5	1
emancipation mentions sacking	implausible	2	0
emergence comes effort	plausible	4	1
eminence corroborates area	implausible	2	0
employee receives ladle	plausible	5	1
employer drops countersuit	plausible	4	1
enchanter laments mobility	implausible	4	1
encouragement excites way	implausible	1	0
encouragement slips repertoire	implausible	1	0
encroachment furnishes defendant	implausible	5	1
encroachment hits league	plausible	1	0
encyclopedia defines rack	plausible	2	1
engine harasses oil	implausible	4	0
engineer competes baboon	implausible	4	1
ensemble incorporates hall	plausible	4	1
ensemble secures knee	implausible	4	0
enterprise asks oak	implausible	1	0
entry denotes availability	plausible	4	1
entry reads vase	plausible	4	1
era withholds expertise	implausible	2	1
erosion puts democracy	plausible	2	1
escalation correlates knowledge	implausible	2	0
escalation guarantees famine	implausible	1	1
event carries purse	plausible	4	1
event diagnoses soccer	implausible	5	1
event draws fan	plausible	5	1
event increases traffic	plausible	5	1
event occurs year	plausible	5	1
event receives hundred	plausible	2	0
event shakes flesh	implausible	5	1
event starts era	plausible	5	1
event upends situation	plausible	4	1
evidence identifies victim	plausible	5	1
evidence implies origin	plausible	2	1
evidence observes spinner	implausible	1	1
evidence suggests settlement	plausible	5	1
evidence tackles divergence	implausible	4	1
exception depicts person	plausible	4	1
exception includes health	implausible	1	1
exchange stimulates innovation	plausible	5	1
execution modifies state	plausible	5	1
executive affects person	plausible	4	1
executive communicates goal	plausible	5	1
exercise demonstrates usefulness	plausible	2	1
exercise unites garden	implausible	4	1
exhortation corroborates depletion	implausible	4	1
exit publicizes war	implausible	2	1
experience secures job	plausible	5	1
experience shows purpose	plausible	5	1
experience streamlines ignorance	implausible	4	1
experience strengthens commitment	plausible	5	1
experimenter participates collision	implausible	4	1
experimenter undertakes agreement	implausible	5	1
expert criticizes plan	plausible	5	1
expert recognizes meadow	plausible	4	1
exposition incorporates cobblestone	plausible	1	1
exposure improves capability	plausible	5	1
expression hangs panorama	implausible	5	0
expression inhibits function	plausible	2	0
expressway decreases finalist	implausible	1	1
expressway starts season	implausible	1	1
extradition ties acclaim	implausible	4	1
eye listens uniform	implausible	4	1
eye serves role	plausible	1	1
eyeglass utilizes eyepiece	plausible	4	1
facelift works sermon	implausible	5	1
fact casts shadow	plausible	5	1
faculty establishes slavery	implausible	4	1
faculty holds patent	plausible	5	1
faculty inherits knee	implausible	1	0
fader declares kindness	plausible	2	0
failure holds idea	plausible	4	1
failure produces cable	plausible	1	0
failure puts model	plausible	4	1
failure reduces influence	plausible	2	1
falsification construes mall	implausible	2	0
famine exposes metaphor	implausible	1	1
fan criticizes university	plausible	4	1
fan starts fire	plausible	4	1
fantail fits skill	implausible	5	0
fascination draws attention	plausible	5	1
fascism affirms inequality	plausible	5	1
fault injects noise	plausible	2	0
fellowship binds furnace	implausible	1	0
fence reaffirms question	implausible	4	1
fence secures castle	plausible	4	0
fighter sustains damage	plausible	5	1
filer misconstrues bay	implausible	1	0
film attains rating	plausible	4	1
film depicts experience	plausible	4	1
film draws story	plausible	4	1
film holds rating	plausible	4	1
film introduces actress	plausible	4	1
film leaves moment	plausible	4	1
film leaves question	plausible	2	1
film makes profit	plausible	5	1
film mentions pocket	implausible	1	1
film portrays abortion	plausible	4	1
film postulates demo	implausible	5	1
film receives acclaim	plausible	4	1
film runs way	plausible	5	1
film utilizes footage	plausible	5	1
fin characterizes brokerage	implausible	2	0
fin ruins bay	implausible	1	0
financier comes room	implausible	2	1
financier enumerates hand	implausible	4	1
fire expands perimeter	plausible	4	1
fire needs line	plausible	1	0
firefighter works schedule	plausible	5	1
firmness finds homage	implausible	5	0
firstborn switches challenge	implausible	4	1
fisherman deports construction	implausible	2	0
fist recognizes midfield	implausible	4	0
fist sends football	plausible	1	0
flag increases nationalism	plausible	4	1
flame envelops airship	plausible	1	1
flame resists funeral	implausible	2	1
fleet carries gun	plausible	5	1
fleet makes attempt	plausible	4	1
fleet regenerates notebook	implausible	1	1
fleet wishes vulnerability	implausible	4	1
flight observes eye	plausible	5	0
flour inherits arthritis	implausible	4	0
flow enrages comment	implausible	5	1
fluid makes indecency	implausible	4	1
fluidity catches barn	implausible	1	0
fluidity seeks cushion	implausible	1	1
folder constructs comment	implausible	1	1
folklore concludes feather	implausible	4	0
folklore considers tree	plausible	1	1
food ensures absence	plausible	4	1
foot starts fence	implausible	1	0
foot turns attempt	plausible	1	0
footpath passes house	plausible	5	1
footwear organizes clarification	implausible	5	1
forecast portrays future	plausible	5	1
fork finds triumph	implausible	1	0
formulation invokes idea	plausible	4	1
fortitude bolsters reputation	plausible	5	1
forum identifies interest	plausible	5	1
forum tackles issue	plausible	5	1
foundation helps person	plausible	4	1
foundation provides funding	plausible	5	1
foundation runs workshop	plausible	5	1
fragment constitutes consultation	implausible	4	1
fraternity endures researcher	implausible	2	1
fraternity moves office	plausible	4	1
fraternity recalls place	implausible	1	1
fraternity recognizes university	plausible	2	1
fraud assumes form	plausible	4	1
friendship rolls attention	implausible	4	1
fruit reduces risk	plausible	4	1
fruit requires sentiment	implausible	1	0
fruit ruins neck	implausible	1	0
function backtracks choice	plausible	2	0
function manages knowledge	plausible	5	1
function reproduces building	implausible	4	0
furnace befalls unit	implausible	1	0
furnace dominates corner	plausible	4	1
fury creates maelstrom	plausible	5	1
galaxy excludes power	implausible	1	0
galaxy revisits page	implausible	1	0
garden stimulates interest	plausible	5	1
gardening mentions bean	implausible	5	1
gargoyle dominates corner	plausible	4	0
gate leads seller	implausible	4	1
gate transmits kind	plausible	1	1
gateway excludes commissioner	implausible	2	1
gauge upends creation	implausible	5	1
gecko instructs interest	implausible	1	0
gem optimizes way	implausible	4	1
generation criticizes kingdom	implausible	4	1
generation prefers castle	plausible	4	1
generation quantifies odor	plausible	1	0
generation tightens gunfire	implausible	2	1
geographer defines river	plausible	5	1
geographer mentions reference	plausible	5	1
girl describes invention	plausible	5	1
girl disheartens portal	implausible	1	0
girl has tadpole	implausible	4	1
girl infuriates father	plausible	5	1
girl observes basin	implausible	5	1
goat represents deficit	implausible	1	0
goddess dislikes caribou	plausible	1	0
gold means service	plausible	4	1
gold remains representation	plausible	5	1
gold survives explosion	plausible	5	1
government announces plan	plausible	5	1
government approves funding	plausible	5	1
government bestows title	plausible	4	1
government compensates individual	plausible	4	1
government establishes relation	plausible	5	1
government excludes individual	plausible	5	1
government makes attempt	plausible	5	1
government opposes involvement	plausible	1	0
governor initiates negotiation	plausible	5	1
governor represents territory	plausible	4	1
grandfather owes year	implausible	1	1
grape scrapes church	implausible	1	0
gravestone manages butterfly	implausible	1	1
ground accommodates car	plausible	1	0
ground characterizes similarity	implausible	4	1
group develops garment	plausible	4	1
group fits definition	plausible	5	1
group makes barrel	plausible	1	0
group makes broadcast	plausible	4	1
group releases album	plausible	4	1
group sends letter	plausible	2	1
group submits suggestion	plausible	5	1
grower contributes chronology	implausible	4	0
growth implies ground	plausible	1	0
guard condemns remittance	implausible	5	1
guard revolves gentleman	implausible	5	1
guardianship assists cigarette	implausible	1	0
guest receives ladle	plausible	2	0
guest watches detonation	plausible	1	1
guide contains resilience	implausible	4	1
guide mentions altarpiece	plausible	1	1
guide prefers word	plausible	5	1
guideline affects photosynthesis	implausible	1	0
guideline infests service	implausible	1	1
gun abandons place	implausible	1	0
gunfire wears precondition	implausible	1	1
guy mobilizes guy	plausible	1	0
guy wears luck	plausible	2	0
halo burns purity	implausible	4	1
happiness is peanut	plausible	1	0
hare seizes nationalism	implausible	1	0
hare sells ability	implausible	5	1
harmony offsets speech	implausible	2	0
hazard deposes activist	implausible	5	1
head weighs flash	implausible	1	0
headband follows design	plausible	4	1
headliner overpowers function	implausible	5	1
headquarters occupy site	plausible	5	1
health disproves vehicle	implausible	4	1
health gleans sweatshirt	implausible	1	0
heat catches cyclist	implausible	1	0
heat emphasizes opponent	implausible	1	0
heaven poses garment	implausible	5	0
heaven sheds subscription	implausible	2	1
heckler annoys crowd	plausible	5	1
heckler fertilizes training	implausible	1	0
hemoglobin increases capacity	plausible	4	1
hen emphasizes deficit	implausible	4	1
hen lays egg	plausible	5	1
henchman builds seed	implausible	1	0
henchman saturates slavery	implausible	4	1
hesitation criticizes inlay	implausible	2	0
heyday impresses capability	implausible	5	1
highway intersects end	plausible	5	0
highway requires demolition	plausible	5	1
highway uncovers mural	implausible	4	1
hijacker imagines saving	implausible	1	0
historian calls culture	plausible	4	1
historian calls person	plausible	4	1
historian explains name	plausible	5	1
historian perforates hand	implausible	5	1
hitchhiker rebuilds tree	implausible	4	1
hobby collects quotation	plausible	1	0
hobby plays guitar	plausible	5	1
holder enlists continuity	implausible	4	1
homeland disagrees way	implausible	1	0
honesty deserves note	implausible	5	1
honesty embarks variety	implausible	1	1
hood negates fleet	implausible	4	0
hook wins role	plausible	1	0
hoop populates heel	implausible	5	1
horror disbands bit	implausible	1	0
horse paints form	plausible	1	0
hospital dismantles fame	implausible	1	0
host eats meat	plausible	1	1
host enables spirit	plausible	5	1
host passes ticket	plausible	5	1
hostel accommodates student	plausible	5	1
hostel pokes prediction	implausible	1	0
house brings arrival	plausible	4	1
house comprises house	plausible	5	1
house differs overtone	implausible	5	1
house emphasizes function	plausible	4	1
house receives carton	plausible	2	1
house sustains roof	plausible	5	1
household finds tadpole	implausible	4	1
household needs milk	plausible	5	1
housing heightens army	implausible	4	1
humanism seeks basis	plausible	5	1
humor requires merger	implausible	2	0
husband finds employment	plausible	5	1
husband starts temple	plausible	5	1
hymn encrypts seat	implausible	2	0
idea affects symbol	implausible	4	0
idea creates identity	plausible	4	1
idea develops neighborhood	plausible	5	1
idea exemplifies viciousness	plausible	5	1
idea recalls plot	plausible	5	1
ignorance organizes illness	implausible	2	1
illusion plays game	plausible	5	1
image catches imagination	plausible	5	1
image depicts glacier	plausible	1	1
image exceeds size	plausible	4	1
image explodes car	plausible	2	1
image leads police	plausible	1	0
immigrant flees hardship	plausible	5	1
immigrant plays role	plausible	5	1
immigrant secures syndicate	implausible	5	1
immunity affects capability	implausible	5	1
impact imparts vigor	plausible	5	1
impermanence works obligation	implausible	4	1
implementation implies squatter	implausible	4	0
improvement improves toolbox	plausible	5	1
inclusion expands range	plausible	4	1
indecision manipulates tower	implausible	1	0
index reduces origin	implausible	4	1
indexing annihilates effect	implausible	2	0
indexing starts state	implausible	5	1
indication pronounces consonant	plausible	5	0
individual decides nucleus	implausible	2	0
individual occurs farm	implausible	1	0
industrialization draws worker	plausible	5	1
industrialization encodes architect	implausible	4	1
infant needs assistance	plausible	5	1
infant possesses lung	plausible	5	1
initiation draws boardwalk	implausible	1	0
injury affects person	plausible	5	1
injury redistributes child	implausible	2	0
injury tightens passion	implausible	2	1
inn needs future	implausible	4	1
inquiry equates fellowship	implausible	2	0
inquiry executes vaccine	implausible	4	1
insect pollinates plant	plausible	5	1
insect reproduces conversation	implausible	1	0
insight revolutionizes view	plausible	4	1
insistence bewilders fan	plausible	2	0
inspiration turns skepticism	implausible	2	1
instability reckons predator	implausible	1	0
installation comprises box	plausible	2	1
installation destabilizes northeast	implausible	5	1
installation provides interpretation	plausible	5	1
interaction stabilizes form	plausible	4	1
intercourse constitutes offence	plausible	4	1
interest puts distance	plausible	5	1
interpretation buries railway	implausible	1	0
interpretation construes title	plausible	5	1
interpretation finds favor	plausible	5	1
interpretation validates sale	plausible	5	1
interrogator asks question	plausible	5	1
interrogator compiles biography	plausible	5	1
invasion betrays plot	implausible	4	1
invasion requires obligation	implausible	5	1
invasion ruins city	plausible	5	1
invasion trims uniform	implausible	4	1
invention creates rudder	implausible	5	0
inventor demonstrates locomotive	plausible	1	1
inventory confirms user	implausible	5	1
investigation disproves notion	plausible	5	1
investigation implicates member	plausible	5	1
investment exacerbates crocodile	implausible	1	0
investment resumes ballroom	implausible	4	1
investment undermines child	implausible	4	1
invitation secretes continuity	implausible	1	1
island stabs flute	implausible	1	0
island threatens success	plausible	1	0
isolation turns jester	implausible	4	1
issue carries debate	plausible	4	1
italic outnumbers name	implausible	5	0
jellyfish create vortex	plausible	4	1
journalist leaves newspaper	plausible	4	1
journalist pinpoints attainment	implausible	2	1
journalist throws shoe	plausible	4	1
judge chooses selection	plausible	2	1
judge convicts individual	plausible	5	1
judge permits question	plausible	5	1
judge pollinates tomb	implausible	1	1
judgment promises student	implausible	4	1
jurisdiction covers legality	plausible	5	1
jurisdiction makes nausea	implausible	4	1
jurisdiction overruns magazine	implausible	4	1
jurisdiction praises firefighter	plausible	5	1
jury justifies disclosure	implausible	5	1
justice leaves office	plausible	5	1
justice writes opinion	plausible	5	1
kangaroo assists roommate	plausible	2	0
keyboard emits speech	plausible	1	0
kicker drops ball	plausible	5	1
kiln carries mortality	implausible	1	0
kin contains toe	implausible	4	0
king increases power	plausible	5	1
kingdom optimizes repression	implausible	4	1
knowledge raises portrayal	implausible	4	1
lack elevates importance	plausible	4	1
lack leads productivity	plausible	4	1
lack mitigates disruption	implausible	2	0
lack obligates excellence	implausible	1	0
lack produces form	plausible	1	0
lack tweets subjugation	implausible	1	0
landfill intersects number	implausible	4	1
landing provides view	plausible	4	1
landlord declares intention	plausible	5	1
landlord seeks rent	plausible	4	1
landmark surrenders moment	implausible	2	0
language constitutes branch	plausible	4	1
language distributes confession	implausible	1	1
language overestimates kitten	implausible	2	0
language shakes volleyball	implausible	4	1
lantern contains toilet	implausible	1	0
launcher hangs championship	implausible	2	0
law defines park	plausible	5	1
law needs certificate	plausible	4	1
law subverts dependence	implausible	4	1
lawn inhibits cockroach	plausible	4	1
layer applauds album	implausible	4	1
leader alienates land	plausible	5	1
leader assumes office	plausible	4	1
leader encourages member	plausible	5	1
leader has wisdom	plausible	5	1
leader kindles ordination	implausible	5	0
leader replicates courage	plausible	5	1
leader repudiates truck	implausible	5	1
leader seeks reform	plausible	5	1
leadership begins preparation	plausible	5	1
leadership declares establishment	plausible	5	1
leaf evolves plan	implausible	1	0
lecture sabotages creativity	implausible	4	1
legacy fertilizes movement	implausible	4	1
lens beats clock	implausible	2	0
lens terrifies ceremony	implausible	4	1
letter asks opinion	plausible	5	1
letter asserts antiquity	plausible	5	1
letter corroborates sentiment	plausible	5	1
letter denotes type	plausible	5	1
letter equates birth	plausible	4	0
letter means head	plausible	1	0
liberalism escorts shade	implausible	4	1
liberalism seeks prosperity	plausible	5	1
library announces plan	plausible	5	1
library contributes cylinder	plausible	1	0
library needs space	plausible	5	1
library overwhelms stunt	implausible	2	0
library strengthens mother	implausible	4	0
license hinders ice	implausible	1	0
lifestyle halve risk	plausible	4	1
linguist facilitates generation	implausible	2	0
lion signifies service	plausible	1	0
literature comprises poetry	plausible	4	1
literature demonstrates commitment	implausible	5	1
literature proves camera	implausible	5	1
loan demonstrates scheme	implausible	5	1
locomotive pulls train	plausible	5	1
locomotive slams citadel	implausible	4	1
locomotive works line	plausible	1	0
lodge strangles space	implausible	1	0
log swaps boating	implausible	1	0
logistic combine sorrow	implausible	4	1
lookout dominates pond	plausible	1	0
lookout hears craft	plausible	5	0
loss decreases likelihood	plausible	5	1
loss diminishes race	plausible	4	1
lyric applies principle	plausible	4	1
lyric satirizes enthusiasm	plausible	4	1
machination sweeps allegation	implausible	2	1
magazine breaks taboo	plausible	5	1
magazine covers variety	plausible	5	1
magazine degrades ability	plausible	1	0
magazine describes album	plausible	5	1
magazine identifies firefighter	plausible	4	1
magazine praises ability	plausible	4	1
magnesium dominates congestion	implausible	4	1
majority casts ballot	plausible	5	1
majority has runway	plausible	5	1
majority runs minute	plausible	4	1
majority speaks language	plausible	4	1
majority stops helmet	implausible	2	0
majority undertakes autobiography	implausible	4	1
malcontent pervades effect	implausible	5	1
malcontent terrifies type	implausible	2	0
man disproves engine	implausible	5	1
man finds acceptance	plausible	4	1
man finds ticket	plausible	5	1
man hijacks plane	plausible	5	1
man leaves hometown	plausible	5	1
man loves thing	plausible	2	1
man loves woman	plausible	4	1
man makes comment	plausible	5	1
man oppresses woman	plausible	5	1
man passes tapeworm	plausible	5	1
man recognizes responsibility	plausible	5	1
man retrieves identification	plausible	5	1
man says annoyance	implausible	4	1
manager leads franchise	plausible	4	1
manager negates accusation	plausible	5	1
manager praises performance	plausible	5	1
mania encourages energy	plausible	4	1
manifestation sends rape	implausible	1	0
manner raises traction	implausible	5	1
manor reads fund	implausible	2	0
manservant imparts toilet	implausible	2	0
manufacturer demeans warning	implausible	2	1
manufacturer derives model	plausible	5	1
map shows boundary	plausible	5	1
marble depicts success	plausible	5	1
margin requires elephant	implausible	4	1
marinade grazes journal	implausible	1	0
market drives innovation	plausible	5	1
market inherits museum	implausible	4	1
market surrenders loan	implausible	4	1
marketing evades romance	implausible	1	0
marketing starts revenue	implausible	5	1
marriage unites house	plausible	4	1
mask sustains axis	implausible	1	0
massacre constitutes genocide	plausible	5	1
mast incorporates camera	plausible	1	0
meat demonstrates barrel	implausible	1	1
mechanism requires ring	plausible	5	1
mechanism stops ovulation	plausible	5	1
medallion speaks commoner	implausible	4	1
media realizes fertilizer	implausible	4	1
memorandum raises odor	implausible	1	0
memory improves fitness	plausible	5	1
meter internalizes control	implausible	1	0
method considers manifestation	implausible	2	1
method deposes colleague	implausible	5	1
method gleans insect	plausible	4	0
method paints band	implausible	4	0
method seizes bacterium	implausible	1	0
method utilizes equipment	plausible	4	1
middle inverts insistence	implausible	2	0
midsection falls ideology	implausible	2	1
midsection permits quality	implausible	5	0
mill requires climate	implausible	1	0
mind mentions economic	plausible	2	0
mind perceives thing	plausible	5	1
minority renders foreword	implausible	4	0
misanthropy wants standstill	implausible	1	0
miser strews flashback	implausible	5	1
mission assists participant	plausible	4	1
mission builds infrastructure	plausible	5	1
mission builds knowledge	plausible	4	1
mission creates awareness	plausible	5	1
mission develops pipeline	plausible	4	1
mission helps consumer	plausible	5	1
mission moves humanity	plausible	4	1
mission publishes magazine	plausible	5	1
missionary duplicates rainfall	implausible	1	0
missionary opposes idea	plausible	5	1
mistreatment knows plan	implausible	5	1
mob overruns palace	plausible	1	1
mode represents arena	plausible	4	1
modeling flies achievement	implausible	2	0
modification improves vehicle	plausible	5	1
modification renders coupling	plausible	1	1
module disembarks diver	implausible	1	0
molar picks eruption	implausible	1	0
monastery carries successor	implausible	4	1
monograph represents effort	plausible	4	1
moon revolves album	implausible	1	0
moon severs debut	implausible	1	0
motion legitimizes anniversary	implausible	4	1
motive makes distinction	implausible	5	1
motive provides facility	plausible	5	1
motor lifts arm	plausible	5	1
motorway forbids distribution	implausible	4	1
mourner wins attainment	implausible	2	0
mouth internalizes sect	implausible	2	0
movement affects number	plausible	5	1
movement embodies elegance	plausible	5	1
movement imitates operation	plausible	4	1
movement represents model	plausible	4	1
movement walks horse	plausible	4	1
mule contains tradition	implausible	2	0
multiplication builds context	implausible	4	1
municipality considers merger	plausible	5	1
municipality decorates street	plausible	5	1
municipality holds election	plausible	5	1
municipality imitates tank	implausible	4	1
municipality imposes restriction	plausible	5	1
municipality pays subsidy	plausible	5	1
municipality renames street	plausible	2	1
mural sprouts duty	implausible	1	0
murder cooks complacency	implausible	1	0
murderer fits corkscrew	implausible	5	1
mysticism disbands flag	implausible	4	1
name craves initiative	implausible	4	1
name modifies baseball	implausible	2	0
name washes investment	implausible	1	0
narrator automates ovulation	implausible	2	0
narrator concludes story	plausible	4	1
nation abandons priority	plausible	4	1
nation announces intention	plausible	4	1
nation combines effort	plausible	5	1
nation creates pavilion	plausible	4	1
nation establishes monument	plausible	5	1
nation releases name	plausible	4	1
nation sends representative	plausible	5	1
nation sows vitality	implausible	5	1
nation travels monkey	implausible	1	0
nature makes identification	plausible	1	1
navy conducts hundred	plausible	4	0
navy displeases screen	implausible	1	0
navy encourages attention	plausible	5	1
navy identifies ship	plausible	5	1
neighbor rebuilds scheme	implausible	4	1
neurology loves orchard	implausible	1	0
newsletter recognizes disclosure	implausible	4	1
newspaper breaks story	plausible	4	1
newspaper encrypts slavery	implausible	1	0
newspaper glorifies testimony	implausible	5	1
newspaper mentions quality	plausible	5	1
newspaper praises capacity	plausible	5	1
newspaper publishes issue	plausible	5	1
newspaper stimulates tradition	plausible	5	1
newsstand carries cone	implausible	1	0
nobleman hones difference	implausible	4	1
node acknowledges receipt	plausible	5	1
node admires biology	implausible	4	0
node makes conservation	implausible	5	1
node manages range	plausible	1	0
nominee carries district	plausible	5	1
nominee convinces ticket	implausible	4	1
nonsense reduces glance	implausible	4	1
novelty attracts drama	implausible	4	1
novelty illuminates tendency	implausible	2	0
novelty instructs rainfall	implausible	1	1
novice spreads elbow	implausible	2	0
nozzle overwhelms ocean	implausible	1	0
object comprises perspective	plausible	5	1
object sows gown	implausible	1	0
objective conducts biology	plausible	1	1
objective develops creativity	plausible	5	1
objective introduces student	plausible	5	1
objective secures town	plausible	4	1
objective wins point	plausible	4	1
obstacle begins eruption	implausible	4	1
obstruction characterizes understanding	implausible	5	1
occupant carves race	implausible	4	1
occupation asks authority	implausible	4	1
office drops revelation	implausible	5	1
officer entertains officer	plausible	5	1
officer fulfils role	plausible	4	1
officer implicates suffix	implausible	1	1
officer manages temple	plausible	5	1
officer puts trophy	implausible	5	1
officer reaches safety	plausible	4	1
offspring determines lineage	plausible	5	1
onlooker revolutionizes closure	implausible	4	1
onset breaks trade	plausible	4	1
onset extracts incentive	implausible	1	0
opening establishes motive	plausible	4	1
opinion obeys reality	implausible	4	1
opponent overruns city	implausible	5	1
opponent shuffles cloak	implausible	4	1
opportunity improves allusion	implausible	5	1
optician deduces limitation	implausible	4	1
optician encourages susceptibility	implausible	1	1
option robs accusation	implausible	4	0
orator internalizes effect	implausible	4	1
orchid extinguishes integration	implausible	4	1
orchid holds salmon	implausible	4	0
ordination withholds taboo	implausible	2	0
organ builds withdrawal	implausible	4	0
organ possesses certainty	implausible	2	1
outbuilding vacates district	implausible	4	1
outcome presides part	implausible	1	0
outsider introduces desire	implausible	2	0
overtone demonstrates comma	implausible	4	1
owner secures trademark	plausible	5	1
owner sets adaptation	implausible	4	1
owner wants ship	plausible	5	1
ozone stabs water	implausible	1	0
pacemaker resumes crisis	implausible	5	0
pacification shines consciousness	implausible	1	0
page instigates container	implausible	2	0
page poses concern	plausible	4	1
page provides link	plausible	5	1
pair criticizes book	plausible	1	1
pair imposes dormitory	implausible	4	1
pair pronounces validation	implausible	5	1
pair turns blade	plausible	4	1
paper confirms speculation	plausible	4	1
paper demonstrates link	plausible	2	1
paper introduces innovation	plausible	2	1
paper repossesses variety	implausible	4	1
paper upends tranquility	implausible	4	1
paradox builds body	implausible	1	0
paradox rotates tour	implausible	2	0
parameter needs instinct	implausible	2	0
parish reworks stash	implausible	2	0
parishioner surrenders pottery	implausible	4	0
park assumes boundary	plausible	4	1
park smashes effort	implausible	1	0
parka shows hardship	implausible	5	1
parliament enunciates precaution	implausible	5	1
parliament passes resolution	plausible	5	1
parody depicts celebrity	plausible	4	1
partition devotes condition	implausible	4	1
partnership announces intent	plausible	5	1
party condemns violence	plausible	4	1
party emphasizes role	plausible	5	1
party finds ground	plausible	2	1
party organizes meeting	plausible	5	1
party organizes protest	plausible	5	1
party treats election	plausible	4	1
party unfolds suitor	implausible	2	1
party wins seat	plausible	5	1
passage occupies place	plausible	4	1
passage produces turmoil	plausible	1	1
patient asks question	plausible	4	1
patient injects assumption	implausible	2	1
patient poses viability	implausible	5	1
patient precludes taker	implausible	4	1
patient readdresses plant	implausible	4	1
pattern decides year	implausible	2	1
payback assumes ship	implausible	4	0
payload lives blowout	implausible	2	0
payment builds assembly	implausible	5	1
payment organizes form	implausible	1	0
pelican forges band	implausible	2	1
pelican recalls hill	implausible	1	0
pencil hones amnesty	implausible	4	0
pencil puts norm	implausible	1	0
percent prefers condom	plausible	1	1
percent requires form	plausible	4	1
performer pinpoints role	plausible	1	1
person afford beef	plausible	4	1
person anticipate famine	implausible	4	1
person buy car	plausible	5	1
person call town	plausible	2	0
person commits assault	plausible	5	1
person confesses baptism	plausible	5	1
person construct temple	plausible	5	1
person creates possibility	plausible	4	1
person crisscross pole	implausible	1	0
person despise dozen	implausible	1	0
person enrich understanding	plausible	4	1
person flies type	plausible	1	0
person imitate galaxy	implausible	1	0
person lifts hand	plausible	5	1
person make counterpoint	plausible	4	1
person make tool	plausible	5	1
person mediate mask	implausible	2	1
person perceive model	plausible	5	1
person possesses alcohol	plausible	5	1
person recall noise	plausible	1	0
person recall placement	plausible	5	1
person recovers damage	plausible	4	1
person rediscover tablespoon	implausible	2	0
person seek quality	plausible	5	1
person seize opportunity	plausible	5	1
person sends letter	plausible	5	1
person speak language	plausible	4	1
person underestimate severity	plausible	5	1
petition seeks legislation	plausible	5	1
pharmacist defines footage	implausible	2	0
phase fertilizes gold	implausible	2	1
phase obeys goat	implausible	1	0
phase submits condolence	implausible	4	1
phenomenon denotes corn	implausible	1	0
phenomenon plays part	plausible	5	1
philanthropy threatens propriety	implausible	4	1
philosopher compares convenience	plausible	5	1
photograph depicts band	plausible	4	0
photograph portrays procession	plausible	5	1
photograph rewrites bank	implausible	1	0
photograph says cushion	implausible	1	0
photograph scuttles recording	implausible	4	1
photograph wins place	plausible	4	1
physiology rips overtone	implausible	5	1
physique formalizes yard	implausible	2	1
piano plays note	plausible	5	1
pie lure church	implausible	4	0
piece foreshadows militarization	plausible	4	1
pilgrimage means unit	implausible	1	0
pilot initiates program	plausible	5	1
pilot notices behavior	plausible	5	1
pilot nullifies bee	implausible	4	1
pipe incorporates layer	plausible	4	1
pirate enunciates anniversary	implausible	4	1
pirate repays professor	implausible	4	0
piston shows suffrage	implausible	4	1
pit contains kidnapping	implausible	4	0
pitch litigates bicycle	implausible	4	1
pitch reaches accountability	implausible	5	0
pitcher decreases church	implausible	1	0
pitcher leads league	plausible	4	1
pitcher obligates story	implausible	2	1
plaintiff ascends disadvantage	implausible	1	0
plane creates shower	implausible	1	0
plane observes pressure	plausible	4	1
plant assimilates nitrogen	plausible	2	0
plant collaborates ark	implausible	4	1
plant occupies attention	plausible	2	1
plant prefers soil	plausible	5	1
plant shows symptom	plausible	1	0
plant survives fire	plausible	5	1
plate owes friendship	implausible	4	1
plate rolls stanza	implausible	4	1
plea infests range	implausible	1	1
plea understates year	implausible	1	1
plurality describes idol	implausible	1	0
poem asks question	plausible	5	1
poem combines pride	plausible	4	1
poetry binds attention	implausible	5	1
poetry wishes limestone	implausible	1	0
police alienate compensation	implausible	1	1
police begin surveillance	plausible	5	1
police confirm motive	plausible	5	1
police find car	plausible	5	1
police oppose renewal	plausible	1	1
police recover knife	plausible	5	1
police release photograph	plausible	5	1
police render spider	implausible	1	1
police seek revenge	plausible	5	1
police stop motorist	plausible	4	1
police tweet warning	plausible	5	1
pollution affects health	plausible	5	1
pollution reduces salmon	plausible	5	1
pool fits capacity	plausible	2	1
pope sends indulgence	plausible	1	1
population begins period	plausible	1	1
population endures hardship	plausible	5	1
population extracts animation	implausible	1	1
population follows religion	plausible	4	1
portion asserts equity	implausible	2	1
portion illustrates reference	plausible	4	1
portrait depicts person	plausible	5	1
portrait lays marble	implausible	5	0
portrait wins popularity	plausible	5	1
portrayal conveys sympathy	plausible	5	1
position hoists flesh	implausible	1	1
position imitates hometown	implausible	1	0
poster streamlines inning	implausible	1	0
posterity conducts origin	implausible	4	1
postman overestimates star	implausible	5	1
power chooses road	plausible	4	1
power occupies island	plausible	4	1
practice assists ability	plausible	5	1
practitioner reaches illumination	plausible	5	1
precursor praises modernization	implausible	5	1
precursor runs election	implausible	5	1
preoccupation emphasizes construction	implausible	2	0
presence dominates city	plausible	5	1
presence impresses rearrangement	implausible	5	1
presidency itemizes subject	implausible	4	1
presidency justifies impropriety	implausible	2	1
press covers atrocity	plausible	4	1
press decreases activism	implausible	2	0
press guarantees man	implausible	1	1
press redirects attention	plausible	1	1
press sets state	plausible	2	0
press shakes rent	implausible	1	0
price sells mortgage	plausible	4	1
priest receives training	plausible	5	1
princess awakens desire	plausible	4	1
princess creates health	implausible	4	0
principle constrains wool	implausible	4	1
principle cooks idea	implausible	4	1
principle opposes view	plausible	5	1
principle wins closeness	implausible	4	1
prison correlates plot	implausible	2	0
prison evaluates possibility	plausible	4	1
privateer forbids variety	implausible	2	1
probe disables soul	implausible	1	0
probe distorts taker	implausible	1	0
procedure compares distribution	plausible	5	1
process describes formation	plausible	4	1
professor explains point	plausible	5	1
professor puts theory	plausible	5	1
proficiency stifles ripple	implausible	1	0
program slams loincloth	implausible	2	0
project accelerates withdrawal	plausible	4	1
project breaks ground	plausible	5	1
project chews crocodile	implausible	1	0
project creates identity	plausible	5	1
project requires facility	plausible	5	1
project strengthens unity	plausible	5	1
project works aesthetic	implausible	4	1
proliferation surmounts dignity	implausible	1	1
pronunciation upends lover	implausible	4	1
property characterizes bearer	plausible	5	1
property explains role	plausible	1	0
property straightens earth	implausible	4	1
propulsion satirizes bath	implausible	1	0
prosecution breaks silence	plausible	5	1
prosecution excludes place	implausible	4	1
protagonist sells soul	plausible	4	1
protester formulates anteater	implausible	4	1
protester sings anthem	plausible	4	1
prototype criticizes discordance	implausible	5	1
provision categorizes toilet	implausible	2	0
proxy imposes control	plausible	4	1
psychology hypnotizes handbag	implausible	1	0
pulley reduces power	plausible	1	1
pun develops mystery	implausible	5	1
punishment diminishes benefit	plausible	5	1
purist shakes quality	implausible	4	1
purpose conducts voltage	plausible	4	1
purpose conveys meaning	plausible	5	1
purpose ensures soundness	plausible	2	1
purpose opposes influence	plausible	2	1
purpose permits takeoff	plausible	4	1
purpose raises fund	plausible	4	1
purpose secures cable	plausible	5	1
purpose softens hair	plausible	1	0
queue shows picture	plausible	4	1
race reclaims poncho	implausible	1	0
radio identifies missile	plausible	4	1
radio yells daughter	implausible	1	0
rafter accentuates tranquility	implausible	4	1
railroad builds hotel	plausible	1	0
rain breaks belly	implausible	1	0
rain turns stream	plausible	4	1
rainfall juggles suggestion	implausible	2	0
rainstorm disagrees scandal	implausible	2	0
ramp diminishes almond	implausible	1	1
ranch awakens funding	implausible	4	0
ranch yells bike	implausible	4	1
rancher lives lot	implausible	4	1
rate destabilizes workforce	implausible	5	1
rate walks fleet	implausible	1	0
ratio outnumbers name	plausible	5	0
rationale discourages formation	plausible	5	1
reaction breaks control	plausible	2	1
reader chooses attraction	plausible	4	1
reader knows origin	plausible	5	1
reader sends story	plausible	1	0
readout shows score	plausible	1	0
realignment moves end	plausible	1	1
realism accommodates entry	implausible	4	0
realism overpowers alignment	implausible	4	1
realist resumes subjugation	implausible	4	1
reason commits arch	implausible	1	0
reason elevates importance	plausible	5	1
reason makes killer	plausible	4	1
reason stops ship	plausible	5	1
rebellion strengthens number	plausible	1	0
rebound needs spacing	implausible	4	1
rebound straddles museum	implausible	4	0
receiver knows word	plausible	5	1
recommendation stimulates discussion	plausible	5	1
recording negates anaconda	implausible	2	0
recovery leaves diver	plausible	4	1
recruiter facilitates celebrity	implausible	4	1
redistribution splits assistance	implausible	4	1
reduction mitigates condition	plausible	5	1
refinement defines attainment	plausible	5	1
refinement reverts thing	implausible	4	1
regiment contributes personnel	plausible	5	1
regulation condemns range	implausible	4	1
regulator incorporates distance	implausible	5	1
rehabilitation considers lip	implausible	1	0
reign spreads power	implausible	5	1
relation contributes runway	implausible	4	1
relation encodes hemlock	implausible	5	1
relocation reclaims prospect	implausible	4	1
relocation renders site	plausible	5	1
rendition concludes album	plausible	4	1
reorganization redistributes recurrence	implausible	4	1
reorganization sews sauce	implausible	1	0
reorganization signifies door	implausible	2	0
reorganization stops tendency	plausible	4	1
replacement is esteem	implausible	4	1
replica stiffens house	implausible	4	1
report alleges irregularity	plausible	4	1
report binds establishment	implausible	4	0
report describes campus	plausible	5	1
report praises attraction	plausible	5	1
report stops accusation	plausible	2	1
reputation reaches culmination	plausible	4	1
researcher denounces mismanagement	implausible	4	1
researcher describes form	plausible	5	1
researcher desensitizes library	implausible	4	0
researcher disembarks seed	implausible	5	0
researcher draws attention	plausible	5	1
researcher invents horn	plausible	2	0
resentment perceives man	implausible	4	1
resident blames deterioration	plausible	5	1
resident creates job	plausible	4	1
resident says thing	plausible	4	1
resin comprises cricket	implausible	1	0
resin reinvigorates attitude	implausible	1	1
resistance imparts width	implausible	4	0
resistance necessitates honey	implausible	1	0
resource receives acclaim	plausible	4	1
restoration introduces fountain	plausible	5	1
restriction poses challenge	plausible	5	1
restructuring maximizes palace	implausible	4	1
restructuring waits newsletter	implausible	2	1
result qualifies place	plausible	4	1
result shows damage	plausible	5	1
retailer oppresses divergence	implausible	4	1
retardation inaugurates distance	implausible	1	1
revelation subverts tool	implausible	1	0
review characterizes film	plausible	5	1
review compares book	plausible	4	1
review describes book	plausible	5	1
review praises book	plausible	4	1
reviewer binds iceberg	implausible	5	1
reviewer perpetuates sandwich	implausible	4	1
reviewer praises film	plausible	5	1
reviewer praises game	plausible	4	1
reviewer recommends book	plausible	5	1
rice represents mountain	plausible	4	1
rich unfold interest	implausible	2	0
ring bequeaths initiative	implausible	1	0
ring denotes ring	plausible	5	1
risk outweighs benefit	plausible	4	1
rivalry stabilizes immigrant	implausible	4	1
river finds galaxy	implausible	1	0
river meanders way	plausible	5	1
river stabilizes pun	implausible	1	0
riverbed tilts partition	implausible	4	1
road diversifies generalization	implausible	5	1
road mends rhetoric	implausible	2	0
road pinpoints prayer	implausible	1	0
road relocates humility	implausible	2	0
robot declines responsibility	implausible	4	1
rock provides view	plausible	4	1
role encourages curiosity	plausible	5	1
role shouts nectar	implausible	4	1
roller provides idol	implausible	4	0
roof catches fire	plausible	4	1
roof characterizes mansion	plausible	4	1
roof holds excavation	implausible	2	0
roof redirects invitation	implausible	4	1
roof unfolds cinema	implausible	4	1
roster improves relapse	implausible	1	0
route follows valley	plausible	5	1
route utilizes part	plausible	2	1
row elicits game	plausible	4	1
rule leads pillow	implausible	1	0
rule provides value	plausible	4	1
rule wins point	plausible	4	1
ruler organizes election	plausible	4	1
ruling applies scrutiny	plausible	5	1
ruling reverses decision	plausible	4	1
rumor hurts reputation	plausible	5	1
rupture brings anxiety	plausible	5	1
saga injures courtesy	implausible	2	0
saga preserves grain	plausible	5	1
sailor stabilizes daughter	implausible	2	1
salamander sends moon	implausible	1	0
salary elicits vehicle	implausible	1	1
sanctuary defines flash	implausible	1	0
sand stipulates person	implausible	4	1
sarcasm withers song	plausible	2	0
satellite possesses lifetime	plausible	2	1
satire provides foreword	implausible	1	0
scandal hurts department	plausible	5	0
scandal sprouts number	implausible	2	0
scene depicts girl	plausible	5	1
scene depicts moment	plausible	5	1
scene leaves impression	plausible	4	1
scheme paints annoyance	implausible	1	0
scholar demolishes listing	implausible	4	1
school certifies union	implausible	4	1
school determines curriculum	plausible	5	1
school drops place	plausible	1	0
school educates girl	plausible	5	1
school has season	plausible	5	1
school holds value	plausible	5	1
school introduces idea	plausible	5	1
school picks service	plausible	2	1
school serves community	plausible	5	1
school uncovers reevaluation	implausible	4	1
school vacates building	plausible	4	1
schoolhouse endows criticism	implausible	2	0
scope draws definition	plausible	5	1
scope fetches maximization	implausible	5	0
scope wins depression	implausible	5	0
sculptor sculpts masterpiece	plausible	4	1
sculpture represents issue	plausible	4	1
sea capsizes boat	plausible	5	1
seaplane reckons cat	implausible	1	0
seaplane rubs fire	implausible	4	1
seed transmits virus	plausible	1	0
seed wins title	plausible	4	1
seeker grabs energy	implausible	4	1
sensor serves cartridge	implausible	4	1
sentiment annoys speech	implausible	4	1
sequel follows trial	plausible	5	1
series begins section	plausible	4	1
series receives criticism	plausible	5	1
series sweeps dozen	plausible	2	1
service satisfies ambition	plausible	4	1
settler modifies name	plausible	2	1
shareholder recovers damage	plausible	4	1
sharpness checks mobility	implausible	5	0
sharpness quits vein	implausible	2	0
shelter disembarks accuracy	implausible	1	0
shelter wins constipation	implausible	1	0
shield deflects bullet	plausible	5	1
shield represents shield	plausible	2	0
shield surmounts sword	plausible	1	1
shield treats wing	implausible	1	0
ship collides head	plausible	4	1
ship commends rationale	implausible	5	1
ship escorts convoy	plausible	2	1
ship exceeds size	plausible	4	1
ship seeks refuge	plausible	4	1
ship works way	plausible	4	1
shipper drives value	implausible	4	1
shock startles individual	plausible	4	1
shoulder breaks competitiveness	implausible	2	0
shrew builds experiment	implausible	2	1
shrew laments livelihood	implausible	4	1
shrub identifies advantage	implausible	2	0
side concedes goal	plausible	5	1
side streamlines rigor	implausible	1	0
silt raises bed	plausible	1	1
singularity quits computing	implausible	1	0
sister inherits body	plausible	5	1
sister lengthens explanation	implausible	4	1
sister sells part	plausible	4	1
sitter stylizes place	implausible	4	1
situation forbids seat	implausible	2	1
situation leaves place	plausible	4	0
skeleton denotes context	implausible	4	1
slackness catches loss	implausible	4	1
slackness instructs class	implausible	1	0
sleeve hunts union	implausible	2	0
sleeve throws sanctuary	implausible	5	1
slowness encourages proliferation	plausible	2	0
snowdrift launches piston	implausible	4	1
snowstorm dumps foot	plausible	5	1
soccer wears reaction	implausible	1	0
society encourages building	plausible	4	1
society penetrates state	plausible	1	1
society secures size	implausible	5	0
sociologist pays attention	plausible	5	1
software needs bit	plausible	5	1
software shakes sample	implausible	4	1
soldier hears rumor	plausible	5	1
soldier observes name	plausible	4	1
soldier postulates compulsion	implausible	4	1
soldier revolves skill	implausible	5	1
soldier switches loyalty	plausible	5	1
solidarity attracts disclaimer	implausible	4	1
solidarity dedicates sin	implausible	1	0
solution musters team	implausible	4	1
solution rotates plane	plausible	1	0
son assumes place	plausible	5	1
son constructs thing	plausible	4	1
son expands enterprise	plausible	5	1
son implies priest	plausible	2	0
son mentions friend	plausible	5	1
son rebuilds temple	plausible	5	1
son receives interest	plausible	2	1
soul passes woman	plausible	2	0
soul reaches ocean	plausible	2	0
space increases energy	implausible	4	1
spacecraft paints lease	implausible	2	0
speaker demonstrates ability	plausible	5	1
specialization regains heel	implausible	5	0
spectator manipulates trophy	implausible	4	1
spectator walks distance	plausible	4	1
sperm admires development	implausible	2	1
spirit makes flesh	plausible	1	0
spokesman confirms intention	plausible	5	1
sponsorship blames storage	implausible	5	1
sponsorship renames method	implausible	1	0
spouse reconnects population	implausible	1	1
spring straightens syllable	implausible	5	1
sprite curtails plan	implausible	4	0
spy mentions village	plausible	5	1
squadron tempts word	implausible	4	1
squirrel finds script	implausible	1	0
stage competes actor	implausible	5	1
stage stands justice	implausible	5	1
stagecoach improves bulk	implausible	4	1
stairwell finds successor	implausible	1	0
stallion distributes roadway	implausible	1	1
stamen climbs effort	implausible	4	1
stance provides speedster	implausible	4	0
star consolidates myth	implausible	5	1
star deletes topography	implausible	2	0
starvation scuttles kind	implausible	4	1
state disembarks attack	implausible	2	1
state reconciles version	implausible	4	1
statistician initiates flag	implausible	4	1
statue rebuffs oak	implausible	2	0
statue recalls importance	plausible	5	1
statute defines drink	plausible	4	1
statute determines jurisdiction	plausible	4	1
stereotype reduces boxer	implausible	2	0
stigma perpetuates discrimination	plausible	4	1
stimulation manages rice	implausible	5	1
stipulation deduces furnace	implausible	1	1
stomach requires ranch	implausible	1	0
stone attests title	plausible	1	0
stone threatens value	implausible	2	0
storm affects sport	plausible	4	1
storm blames charter	implausible	4	0
stove spreads inflammation	implausible	1	0
strategy combines rhetoric	plausible	5	1
strategy creates platform	plausible	4	1
street increases traffic	plausible	5	1
streetcar sweeps destruction	implausible	1	0
striker misunderstands confluence	implausible	4	1
striker needs attention	plausible	5	1
strip includes street	implausible	1	0
stroke sends moment	implausible	1	1
student attains point	plausible	5	1
student capsizes bit	implausible	1	1
student creates tradition	plausible	5	1
student demonstrates disapproval	plausible	4	1
student embraces difference	plausible	5	1
student observes tier	implausible	4	1
student produces newspaper	plausible	5	1
student tempts earphone	implausible	4	1
student wants leisure	plausible	4	1
student writes verse	plausible	5	1
study blames disease	plausible	4	1
study envelops transport	implausible	4	1
study fills year	plausible	1	0
study finds link	plausible	5	1
study hurts treachery	implausible	4	0
study overtakes tent	implausible	1	1
study redistributes species	plausible	5	1
study shows difference	plausible	5	1
study shows number	plausible	5	1
study submerges weapon	implausible	4	1
study writes boss	implausible	4	1
subculture vandalizes basis	implausible	4	0
subculture wins admiration	implausible	5	1
subdivision pinpoints tributary	implausible	1	1
subdivision sustains roof	plausible	4	1
submarine observes airship	plausible	5	1
subset possesses curriculum	implausible	4	1
substance attains rim	implausible	2	1
suburb infers iron	implausible	1	0
success bites blade	implausible	4	1
success brings reward	plausible	5	1
success drives album	plausible	5	1
success establishes reputation	plausible	5	1
success reiterates golfer	implausible	4	1
success secures status	plausible	4	1
succession lifts facelift	implausible	2	0
suffix disengages sample	implausible	1	0
suicide reconciles enlightenment	implausible	1	1
suitor asks father	plausible	5	1
suitor requires annoyance	implausible	1	0
sulfate lives disinterestedness	implausible	1	0
sum pays mortgage	plausible	4	1
summer pollinates tail	implausible	1	0
sun outshines moon	plausible	4	1
sword denotes readiness	plausible	4	1
sword turns polka	implausible	1	0
syndicate reevaluates part	implausible	5	1
synergy devotes concept	implausible	5	1
table demonstrates misanthropy	implausible	2	0
table illustrates estimation	plausible	5	1
table reuses hypothesis	implausible	4	1
table underlines composition	plausible	2	1
tactic acknowledges concern	implausible	4	1
tactic wears polarity	implausible	4	1
tactician chooses building	implausible	5	1
tactician decorates authority	implausible	4	1
talent quits favor	implausible	5	1
tape revolutionizes flask	implausible	1	0
target poses challenge	plausible	5	1
task requires type	plausible	5	1
taxi exemplifies accessibility	implausible	5	1
team deposes virtue	implausible	5	1
team finds success	plausible	5	1
team imagines obsession	implausible	4	1
team recovers medallion	plausible	5	1
team rejoices constancy	implausible	4	0
team releases version	plausible	4	1
team steals end	plausible	4	1
team visits village	plausible	4	1
team wins challenge	plausible	5	1
team wins game	plausible	5	1
technician shakes garden	implausible	1	0
technician visits community	plausible	5	1
technique extrapolates knife	implausible	4	1
technique requires pen	plausible	4	1
temperature improves efficiency	plausible	4	1
temperature permits efficiency	plausible	5	1
tenderness wins warmth	implausible	5	1
tension ignites situation	implausible	4	1
term covers range	plausible	4	1
term denotes noun	plausible	5	1
term serves function	plausible	5	1
term supposes definition	plausible	1	1
text attests existence	plausible	5	1
text travels library	implausible	4	1
textbook reestablishes unity	plausible	1	1
theme covers streak	implausible	5	1
theology transgresses identity	implausible	2	0
theorist develops definition	plausible	5	1
theorist presides association	plausible	4	1
theory modifies calculus	plausible	4	1
theory reiterates saving	implausible	5	1
theory runs implication	implausible	4	1
thesis beats hometown	implausible	2	0
thread constitutes bearer	implausible	1	0
threat puts police	plausible	1	0
threshold affords association	implausible	4	0
threshold regains kilt	implausible	1	0
threshold visits analgesic	implausible	1	0
throat passes subsistence	implausible	1	0
thumb builds hornet	implausible	2	1
thunderstorm runs portrait	implausible	5	1
ticket uses obedience	implausible	4	1
ticket vaccinates season	implausible	4	1
ticket visits state	plausible	1	0
tide alleviates amplifier	implausible	4	0
tide leaves damage	plausible	4	1
tile cuts knot	implausible	1	0
timetable injures evidence	implausible	4	1
topography emphasizes mouse	implausible	2	0
tortoise brings limb	plausible	1	1
tortoise recruits peer	implausible	4	0
tower requires approval	plausible	5	1
town admires gearbox	implausible	2	0
trader calls point	plausible	4	1
trader ensures strategy	implausible	5	1
trader navigates tour	implausible	4	1
tradition reinvigorates chip	implausible	4	1
traffic overwhelms facility	plausible	1	1
tragedy implies notoriety	implausible	1	1
train applies persona	implausible	1	0
train begins service	plausible	4	1
train calls hour	plausible	4	1
train compromises gentleman	implausible	1	0
train ousts weather	implausible	5	0
train pulls soul	plausible	1	0
trait tolerates popularity	implausible	4	1
transmission subsidizes noun	implausible	4	1
traveler acknowledges recognition	implausible	5	1
traveler publishes impression	plausible	5	1
treatment expands ability	plausible	5	1
treatment reduces symptom	plausible	5	1
treatment situates text	plausible	4	0
tree illustrates account	plausible	4	0
tree precipitates fog	plausible	4	1
tree produces flower	plausible	5	1
tree turns bucket	implausible	1	0
trend abandons portrait	plausible	2	0
trend suggests importance	plausible	4	1
tribe introduces bison	plausible	4	0
trio finds postcard	plausible	5	1
trip incurs loss	plausible	4	1
trip rubs impossibility	implausible	4	0
trophy begins photosynthesis	implausible	1	0
trophy knows place	implausible	1	0
troupe works subsidy	implausible	4	1
truce claps church	implausible	1	0
tug pervades collar	implausible	1	0
tunnel provides connectivity	plausible	5	1
tunnel reduces distance	plausible	5	1
turnover denounces advantage	implausible	4	1
turnover uses vigilante	implausible	4	1
tusk provides ivory	plausible	4	1
tusk spreads bolt	implausible	4	1
undertaker escapes knowledge	implausible	1	0
unicorn tackles beast	implausible	4	1
uniform stops rupture	implausible	5	1
unit introduces torpedo	plausible	2	1
unit possesses room	plausible	4	1
unit regains title	plausible	5	1
unity combines initiative	implausible	4	1
university flexs registration	implausible	5	1
university overtakes listing	implausible	4	1
university satisfies explanation	implausible	4	1
unrest sews specificity	implausible	4	1
upheaval compromises loyalty	plausible	5	1
urbanization diminishes land	plausible	2	1
usage means servant	plausible	1	0
valve occupies space	plausible	5	1
variable alludes space	implausible	2	0
variable reads area	implausible	4	1
variable represents domain	plausible	4	1
variant carries person	plausible	1	0
variant manages place	plausible	2	1
variant pinpoints wall	implausible	2	1
variation assembles representative	implausible	5	1
variation diminishes chip	implausible	4	1
variation enables species	plausible	5	1
variation pours piano	plausible	1	0
variation reaches maturity	plausible	4	1
variation survives clown	implausible	4	1
variety calls film	plausible	2	1
variety observes relaxation	plausible	4	1
vegetable displaces influence	implausible	1	0
vehicle overrates sill	implausible	5	1
venture offsets book	implausible	4	1
vernacular concedes attention	implausible	5	1
version betrays den	implausible	4	1
version carries personality	plausible	4	1
version exceeds success	plausible	4	1
version foresees theologian	implausible	2	0
version introduces functionality	plausible	4	1
version tilts hint	implausible	1	0
vessel leaves water	plausible	5	1
vibration pushes bit	plausible	5	1
vibration steals intensity	plausible	2	0
video pays homage	plausible	1	0
video prefers region	implausible	4	1
video reaches view	plausible	4	1
viewer catches glimpse	plausible	4	1
viewer contributes video	plausible	5	1
viewer forgives exaggeration	plausible	4	1
viewer sets volume	plausible	5	1
viewer wants thing	plausible	5	1
villa accommodates restaurant	plausible	4	1
village administers island	plausible	4	1
village musters church	plausible	4	1
village receives ward	plausible	5	1
village wishes conclusion	implausible	4	0
vineyard finds speedway	implausible	1	1
violation outnumbers infestation	implausible	4	1
violinist considers exception	implausible	5	1
voice receives acclaim	plausible	4	1
voice transcends frontier	plausible	2	1
volcano facilitates word	implausible	1	0
voter approves secession	plausible	5	0
voter casts ballot	plausible	5	1
voter chooses representative	plausible	5	1
voter holds resentment	plausible	4	1
voter passes proposition	plausible	5	1
vulture is transport	implausible	2	0
wall passes energy	plausible	2	1
wall ravishes competency	implausible	1	0
war brings thousand	plausible	5	1
war creates market	plausible	4	1
war determines axis	plausible	2	1
war increases willingness	plausible	4	1
war secretes parliament	implausible	4	1
war threatens land	plausible	5	1
water enables lawn	plausible	5	1
water fills space	plausible	4	1
water mitigates sunflower	implausible	1	0
water persuades dancer	implausible	4	0
water rises yard	plausible	1	0
way automates subtype	implausible	5	1
way handles situation	plausible	1	1
way hoists arm	plausible	1	1
weapon pervades construction	implausible	2	0
weapon resurrects torture	implausible	5	1
wearer pulls arm	plausible	4	0
weather helps ship	plausible	4	1
weather leads intelligence	plausible	4	1
wedding motivates library	implausible	1	0
weight breaks rail	plausible	4	1
weightlessness possesses telegraph	implausible	4	1
welfare constructs hundred	implausible	1	0
wheat alleviates vision	implausible	2	1
wife inherits title	plausible	5	1
wife notices absence	plausible	4	1
wife starts concept	plausible	5	1
wife writes account	plausible	5	1
willingness renews subway	implausible	2	0
wind uproots hundred	plausible	1	0
wind weaves salmon	implausible	1	0
windfall leads lineup	implausible	2	0
wine disarms ambience	implausible	1	1
wine upends sidewalk	implausible	1	0
wing exceeds angle	plausible	2	0
wing signifies heritage	plausible	4	0
wing wears number	plausible	1	0
winter renames passion	implausible	4	1
withdrawal stifles chair	implausible	4	1
wolf escapes city	plausible	5	1
wolf overpowers camel	plausible	5	0
wolf pervades vehicle	implausible	1	0
woodland provides shelter	plausible	5	1
woodpecker abandons sleeve	implausible	1	1
word entails pup	implausible	1	0
word improves trophy	implausible	2	1
word wins fatigue	implausible	5	1
workman uncovers body	plausible	5	0
worm affects user	plausible	5	1
wrongdoer determines rogue	implausible	4	1
yacht pinpoints host	implausible	2	0
yard determines cathedral	implausible	1	0
yarn finds application	plausible	5	1
zeal begins leg	plausible	4	1
zeal escorts convoy	plausible	2	0
zeal reproduces photograph	implausible	4	1
zoo regains membership	plausible	5	1
